student_id,age,gender,origin,hs_gpa,admission_score,first_sem_gpa,socioeconomic_level,scholarship,loan,financial_aid,dropout
1,,Female,Urban,2.337818466831937,58.764940226220446,3.1462248600233633,3.0,No,Yes,Yes,1
2,27.0,Male,Rural,3.1969928328782116,91.3249459364558,4.053679640704247,3.0,Yes,Yes,No,0
3,28.0,Male,Urban,2.3843793069794117,65.59247855234813,2.935686074707862,2.0,No,No,Yes,0
4,33.0,Female,Urban,3.640775464429445,53.67431915634897,2.861004908482573,2.0,No,No,Yes,0
5,26.0,Male,Urban,3.6027218328919424,70.05358884783196,4.943606124467719,3.0,No,No,No,0
6,30.0,Female,Urban,2.594655297862105,68.69959843345974,2.4964946537269395,4.0,No,Yes,No,0
7,31.0,Female,Rural,4.0129009002767635,68.83185957647595,2.7620851546105274,3.0,No,No,Yes,0
8,20.0,Male,Rural,4.1201148508291325,64.24524540236517,3.1883089299341307,3.0,No,No,No,1
9,17.0,Female,Urban,3.6575110734559564,66.2790760631286,,4.0,Yes,No,No,0
10,,Female,Urban,4.60059978110792,64.52910693338772,1.4660622930656015,4.0,Yes,Yes,No,1
11,21.0,Male,Urban,4.722999326271472,74.00687975774412,3.9974768098802738,2.0,Yes,No,No,0
12,32.0,Male,Rural,2.8764036022162505,60.24712159065015,2.525384648811788,2.0,Yes,No,Yes,1
13,33.0,Female,Rural,4.222023086280636,66.52426841499222,2.7201697554082047,4.0,No,No,No,0
14,16.0,Male,Urban,3.864508727228272,68.27111325328092,,3.0,No,No,No,1
15,25.0,Male,Urban,3.850991865928034,85.66889087624945,2.367887192797845,5.0,No,Yes,No,0
16,31.0,Female,Urban,4.160668510587891,74.48093360908193,2.293842145624023,1.0,No,No,No,0
17,18.0,Female,Urban,3.168499322424952,68.6835966382637,3.281615001844815,3.0,No,No,No,0
18,31.0,Male,Rural,3.244576540064987,76.43425564785515,5.0,3.0,No,Yes,Yes,0
19,,Female,Urban,3.1039967327427993,74.87341944251264,3.7420602245902628,2.0,Yes,Yes,No,0
20,24.0,Male,Urban,3.147058575982607,83.0540182790847,3.7504344369504157,5.0,No,Yes,No,0
21,31.0,Female,Urban,3.540892959492506,76.07815854919612,1.948651814159409,2.0,No,No,No,1
22,21.0,Male,Urban,2.728905499064963,91.52692834661516,3.1336297107504074,5.0,Yes,No,No,0
23,22.0,Female,Rural,2.9725635738061706,86.1354045559973,2.206307312938942,5.0,No,Yes,No,1
24,21.0,Female,Urban,3.946516973436522,69.50798309012363,3.770634226890438,6.0,No,Yes,Yes,0
25,29.0,Male,Rural,3.557422370886118,65.02588429753476,2.9704794948450712,2.0,No,No,No,1
26,20.0,Male,Urban,3.829772874538848,80.59066904109885,3.1834456485297613,2.0,No,No,No,0
27,34.0,Female,Urban,2.4664437100715095,76.19954838867129,3.082078843903594,1.0,No,No,No,1
28,24.0,Male,Rural,3.1296880403039222,68.86517240876552,2.6860572194083527,3.0,No,Yes,No,0
29,25.0,Female,Urban,3.266746408356162,52.276581621408816,1.935783142418341,5.0,No,Yes,No,1
30,25.0,Female,Urban,3.6195208888542574,48.011513891915214,3.6165519880468717,4.0,No,No,No,0
31,27.0,Female,Urban,3.2482294970075176,74.17910260834168,2.046478144739056,2.0,Yes,Yes,No,1
32,26.0,Female,Urban,4.159928775903856,79.25010718554428,2.2083069721453303,2.0,No,Yes,No,1
33,25.0,Female,Urban,3.565034330259929,79.64122578510515,2.9147343201562013,4.0,No,Yes,No,0
34,34.0,Male,Urban,3.610208496358549,54.553938838433695,,4.0,No,No,No,0
35,31.0,Male,Urban,3.6081229037955014,82.44812610931803,3.362186758942855,1.0,No,Yes,Yes,0
36,31.0,Female,Rural,4.02479126966047,63.59011221318068,3.9611811070522225,4.0,No,No,Yes,0
37,29.0,Female,Urban,3.3170275726716163,74.6610582612857,3.351904643638845,2.0,No,Yes,No,1
38,27.0,Female,Urban,4.273436269363971,75.00029649601998,,3.0,No,Yes,No,0
39,22.0,Male,Urban,3.8760351616135864,60.370162773163365,3.171462899012724,2.0,Yes,No,No,0
40,34.0,Male,Urban,3.6924221619289983,62.904099412198015,3.8392338535601054,6.0,No,Yes,Yes,0
41,24.0,Male,Urban,3.625041892528724,45.123367081317824,1.6761405930120512,3.0,No,Yes,No,1
42,20.0,Male,Urban,3.912182380729578,58.999113451048046,3.4465143731090606,4.0,No,Yes,No,0
43,32.0,Male,Urban,4.209234922757432,48.36949529015508,2.4065406210009006,2.0,Yes,Yes,Yes,1
44,,Male,Urban,4.167316530230996,75.24828557761472,2.1664707480605347,3.0,,No,No,0
45,32.0,Male,Urban,3.8255160946865256,70.73700299273963,3.1566653533033233,4.0,No,Yes,No,0
46,27.0,Female,Urban,4.126031252962371,80.96862482887175,2.842961684700754,4.0,Yes,No,Yes,0
47,18.0,Female,Urban,3.6710149114461244,74.27850677427182,3.6194162507961676,5.0,No,,No,0
48,16.0,Female,Rural,4.351494119587964,62.38290737661068,4.033400381828008,2.0,No,No,No,0
49,24.0,Male,Urban,3.584036095674141,74.15441278898024,1.2922740892143372,2.0,No,No,Yes,1
50,16.0,Female,Urban,2.3549164351654905,65.31489863500138,3.0949299997801822,3.0,No,No,No,0
51,18.0,Female,Rural,4.402729540171408,77.30874028761727,4.719478441292694,3.0,No,No,No,0
52,25.0,Male,Urban,,73.7844755894729,3.8468654861649396,5.0,No,No,No,1
53,34.0,Female,Urban,2.8973529329607133,58.13712125886876,4.3099117291920415,3.0,No,Yes,No,0
54,24.0,Female,Urban,3.4810657756603307,70.0263889559581,3.2342358597707914,3.0,No,Yes,No,0
55,31.0,Female,Urban,3.069699854093829,70.66400856101048,2.004572790120749,3.0,Yes,No,No,1
56,33.0,Female,Urban,4.860125629979631,66.30746857292317,2.2528476104069823,4.0,No,Yes,No,0
57,31.0,Male,Rural,3.898610968550004,,3.7221834348793212,3.0,Yes,No,No,0
58,27.0,Female,Rural,2.6587732952135497,90.55661080844068,3.9199198748829946,1.0,No,Yes,Yes,0
59,24.0,Female,Urban,,65.5871954434038,2.567611772603061,4.0,Yes,No,Yes,0
60,25.0,Female,Urban,3.3607560271072487,65.79161820319678,2.938198019124336,2.0,No,Yes,No,0
61,21.0,Female,Rural,,43.023241865450785,3.362072911906657,5.0,Yes,Yes,Yes,1
62,25.0,Female,Urban,2.9683820399476954,68.45296711799372,1.7527194051067854,2.0,No,Yes,No,1
63,23.0,Female,Urban,2.2517822980072033,64.76580759790511,2.8728472403968337,2.0,No,No,No,0
64,20.0,Female,Rural,3.639521507836753,44.06585022942118,4.447419902640456,3.0,No,No,No,0
65,34.0,Female,Rural,3.3911835902701686,73.46192403053416,,5.0,Yes,No,No,0
66,16.0,Male,Rural,3.350048559060794,77.09215845741991,,3.0,No,No,No,0
67,17.0,Female,Urban,2.3152565033092314,61.19071915373085,4.618144119280158,3.0,No,No,Yes,0
68,19.0,Male,Rural,3.8560856107184676,65.52865204887934,2.7328883062834426,3.0,Yes,Yes,Yes,0
69,34.0,Female,Urban,4.604007088705564,58.40219424673399,2.5047119302861565,2.0,No,No,No,1
70,29.0,Female,Urban,2.4545705514567495,79.15050550173686,,3.0,Yes,No,Yes,1
71,32.0,Male,Urban,4.302734212453728,51.79067210251081,3.9185127608352444,5.0,No,No,No,0
72,19.0,Female,Urban,3.2587698859475713,66.24086451474146,2.8537239510757506,5.0,No,Yes,No,0
73,,Male,Rural,5.0,93.41286601344731,5.0,2.0,Yes,Yes,No,0
74,23.0,Male,Rural,3.8616047526293045,70.61905520814236,3.4183407540549338,5.0,No,Yes,Yes,1
75,,Male,Urban,3.4872933771924877,75.61518221932988,3.3039880244397843,1.0,No,Yes,No,0
76,16.0,Female,Urban,4.263229059532935,68.24015047669597,1.7082998586832412,4.0,Yes,Yes,No,1
77,27.0,Male,Urban,3.9156170704498336,55.90688959919687,,1.0,No,Yes,No,0
78,31.0,Male,Urban,3.244526414410503,69.60794455336449,2.8631457897341823,3.0,No,No,Yes,1
79,28.0,Male,Rural,4.0261301659733855,74.87768411451812,3.024646992261159,3.0,Yes,No,No,0
80,18.0,Female,Rural,3.293582477792934,57.72830032240658,1.3884077597277695,3.0,Yes,No,No,1
81,26.0,Male,Rural,0.0,74.09936699359896,3.894705421051114,6.0,No,No,Yes,0
82,21.0,Male,Rural,4.818955315948444,84.9389203480506,3.9447428814224477,3.0,No,No,No,0
83,34.0,Female,Urban,3.3902501395549214,82.83627281247902,2.669141674765454,1.0,No,No,Yes,0
84,32.0,Female,Urban,3.2345915995994208,51.00705664037041,3.2283205173756726,2.0,No,Yes,Yes,0
85,19.0,Female,Urban,,58.296644931343366,3.4681357926778515,4.0,No,No,Yes,0
86,25.0,Male,Urban,2.6642208852877745,50.63584813340616,3.924582362289762,2.0,No,No,No,0
87,33.0,Male,Rural,2.787852811080648,82.85386247485481,3.2379404555463394,,Yes,No,No,0
88,32.0,Male,Urban,3.300211979958741,77.32395220931227,4.532631752823196,2.0,No,No,Yes,0
89,29.0,Male,Urban,3.28816691606828,78.43768672804913,2.960586215447135,6.0,No,No,No,0
90,28.0,Male,Urban,3.6431335634916797,59.45979633307752,,3.0,No,No,No,0
91,16.0,Male,Urban,4.273534627875618,56.00000848479476,2.78130974390066,,No,Yes,Yes,0
92,30.0,Male,Rural,3.3155838161189783,70.92289278360742,1.1246467212854259,4.0,No,No,No,1
93,24.0,Male,Urban,3.8956790836499193,71.2118038587884,2.5093947182326004,3.0,,No,Yes,0
94,17.0,Male,Urban,3.96092700054211,59.74895906803758,,3.0,No,No,No,0
95,,Female,Rural,2.9495547710412726,71.70611062438911,3.3670628910702156,6.0,No,No,No,0
96,26.0,Male,Rural,3.737073433747681,77.73481660861225,2.5003638261457737,4.0,No,Yes,No,1
97,29.0,Female,Urban,3.0343995724062225,72.73618934308048,3.435353561207008,3.0,No,Yes,Yes,0
98,25.0,Male,Urban,4.23833924672867,,1.5408123375714116,6.0,Yes,No,No,0
99,27.0,Male,Urban,3.873053926843495,44.64805406184031,2.927996284430731,3.0,No,No,No,0
100,32.0,Female,Rural,3.609902468616748,66.89344063532161,3.575941136128328,3.0,No,No,No,0
101,29.0,Male,Rural,2.7961802077493307,71.97225893187387,,5.0,No,Yes,Yes,0
102,22.0,Male,Urban,3.6695940061711902,66.87899439747143,2.5364827354595616,6.0,No,No,No,1
103,28.0,Female,Urban,3.1397834918539886,64.85979836133983,3.8865744915326097,4.0,No,No,Yes,0
104,27.0,Female,Urban,4.023577584271356,61.702657643345376,4.652116687952423,3.0,No,Yes,Yes,0
105,18.0,Female,Urban,3.5284040985806993,78.58765613978733,2.815025097372186,3.0,No,No,No,0
106,17.0,Female,Urban,,69.37150386147384,3.7493677995072394,1.0,No,Yes,Yes,0
107,28.0,Female,Urban,4.155310738506698,71.47864690451202,1.9106283152114643,2.0,No,No,No,0
108,23.0,Female,Urban,4.0329210406280565,58.34171656255242,1.587093752745718,4.0,Yes,Yes,No,1
109,27.0,Male,Urban,3.244021752631936,62.55493991982365,3.647037445881017,3.0,No,No,No,0
110,22.0,Female,Urban,4.297216699607087,71.96557473577536,,5.0,No,No,No,0
111,20.0,Male,Urban,3.420963194889396,57.93498596614227,3.3171630466606152,4.0,Yes,No,No,0
112,18.0,Male,Urban,3.414509031362295,54.88841229426182,2.6909707750127017,4.0,No,No,No,0
113,23.0,Male,Urban,3.6742806289609553,66.05018797965585,,5.0,No,No,Yes,0
114,31.0,Female,Urban,3.1484197488642276,84.41164927039671,3.806485770592677,3.0,Yes,No,No,0
115,23.0,Female,Urban,3.3350160589725024,72.29142133913116,4.5325606284986115,4.0,No,No,No,0
116,23.0,Male,Urban,3.5037124327890274,87.51519409873286,2.9847290005413885,3.0,No,Yes,No,0
117,26.0,Female,Rural,4.518169805794713,68.42172815441303,1.8374148985266416,3.0,No,No,Yes,1
118,34.0,Female,Urban,4.499789845176494,66.27921566970171,,4.0,Yes,Yes,No,0
119,23.0,Male,Urban,3.444677879645707,53.293151383736316,,1.0,No,No,No,0
120,27.0,Male,Urban,4.5662626443172325,63.08530544365356,,6.0,No,Yes,Yes,0
121,24.0,Female,Rural,3.5740279500545284,87.22220484598387,,6.0,No,,No,0
122,27.0,Female,Rural,3.8283484066869016,73.93060327001828,5.0,5.0,No,No,No,0
123,24.0,Male,Rural,4.130146700264358,78.79745322687566,3.2192716260379974,3.0,No,Yes,No,0
124,28.0,Female,Urban,,78.46117398583179,3.5703655838258745,3.0,No,No,Yes,0
125,26.0,Male,Rural,5.0,69.8854547203692,1.6757869286793445,3.0,No,Yes,No,1
126,,Female,Urban,3.7460077885423075,67.5423281612372,2.695499979442909,3.0,No,No,No,0
127,34.0,Male,Urban,2.8814464526935057,71.43020287818308,2.6092622440249706,2.0,Yes,Yes,Yes,0
128,18.0,Female,Urban,4.383282584708509,78.05562508680156,3.1350698037003,5.0,No,Yes,Yes,0
129,26.0,Male,Urban,,75.49439456209421,3.437630795904777,5.0,No,No,No,0
130,24.0,Female,Urban,3.4174270011911023,75.9036665412032,2.5591641027268657,3.0,No,Yes,No,0
131,22.0,Male,Urban,1.8049962698967565,71.84973010504171,4.5444179496108505,5.0,No,Yes,No,0
132,20.0,Male,Urban,4.200591539792004,60.760792975711006,2.306342509087739,3.0,Yes,No,No,0
133,16.0,Female,Urban,4.091069487961878,66.86085495053995,2.7984529666495828,5.0,No,Yes,No,0
134,23.0,Female,Rural,4.079411684021189,58.7025630856929,3.349759863078695,6.0,No,No,Yes,0
135,31.0,Male,Rural,4.187043537915647,82.05589438674119,2.1577671235343447,4.0,Yes,No,Yes,0
136,17.0,Male,Urban,4.614600121870389,44.77547298914208,3.615760717217953,6.0,No,Yes,No,0
137,23.0,Female,Urban,3.5723988905734854,67.38563301518838,3.665563932280232,4.0,No,Yes,No,0
138,34.0,Male,Rural,4.162569898901639,98.646538422858,2.924938765539085,4.0,No,No,No,0
139,34.0,Female,Urban,3.1536961128222525,65.90158539714754,4.687107539144229,3.0,No,Yes,No,0
140,20.0,Male,Urban,3.387719289801462,56.3825845383269,3.224477425576355,1.0,No,No,No,0
141,16.0,Female,Urban,4.2340560925976956,69.7845410834624,3.384042108066716,2.0,Yes,No,No,0
142,28.0,Male,Urban,3.8346742973193786,85.47251636974639,2.3904090618996507,5.0,Yes,No,No,0
143,16.0,Male,Urban,2.7999508844531484,68.07459498688738,,2.0,No,Yes,No,1
144,21.0,Male,Urban,3.8167976277286217,77.3601856083782,2.653880508870546,4.0,No,No,No,1
145,25.0,Female,Urban,3.490253135483812,71.19943586735876,2.9016573436294006,2.0,Yes,Yes,No,0
146,32.0,Male,Urban,3.1088002253115663,65.52552325718952,2.794483086126919,4.0,Yes,No,No,1
147,17.0,Male,Urban,3.860572230188457,100.0,3.7744103247497764,6.0,No,No,No,0
148,28.0,Female,Urban,3.357296581506694,70.85380765166352,1.248736359520693,4.0,Yes,Yes,No,1
149,26.0,Female,Urban,2.657706186892802,63.55410712851137,2.2513249297220383,1.0,No,No,No,1
150,18.0,Male,Urban,2.93330683279708,64.1202000427058,1.6971152723827645,4.0,Yes,Yes,No,1
151,32.0,Male,Rural,4.661502045926212,74.56689398125621,4.2330897464327695,3.0,No,No,No,0
152,32.0,Female,Rural,2.6910426503234355,74.91060880704686,2.7067595701274816,5.0,No,Yes,No,1
153,25.0,Male,Urban,3.733681312248293,79.2641393569815,2.7469698161837024,2.0,No,Yes,No,1
154,33.0,Female,Rural,3.9660335485849867,71.69372839621447,2.277166986767863,3.0,,Yes,No,1
155,27.0,Female,Urban,3.983513427780189,52.82058196056234,3.8792060985042345,5.0,No,No,Yes,0
156,33.0,Male,Urban,,76.38306349556588,2.8295952370078683,5.0,Yes,No,No,0
157,34.0,Female,Urban,3.4070770983868113,66.29243993285496,3.336980273462966,5.0,No,Yes,No,0
158,26.0,Female,Urban,3.684508035077163,66.56679803599835,,3.0,Yes,No,No,1
159,21.0,Female,Urban,4.080125556287301,52.20507462233492,4.097078514037264,4.0,Yes,Yes,No,0
160,18.0,Female,Urban,3.2130235012716293,63.117703111044975,3.4755971407814106,5.0,No,Yes,Yes,1
161,26.0,Female,Urban,2.9019152972246767,61.27794142845236,3.6014568617624123,4.0,No,No,No,0
162,19.0,Female,Urban,4.201544429496307,,4.149648997444462,1.0,No,Yes,No,0
163,30.0,Female,Rural,4.2630921875938155,52.55897144585682,3.0051166644084613,2.0,Yes,No,No,1
164,33.0,Female,Urban,3.8220435336294094,70.60787551140848,,1.0,No,No,No,0
165,20.0,Female,Urban,3.2347277059814172,71.49203188939171,3.7349082485377503,2.0,No,Yes,No,0
166,26.0,Female,Urban,3.8440569932532838,56.562785779563654,3.5017970485032106,1.0,No,No,No,1
167,16.0,Male,Urban,3.6655864219595187,62.50412360442249,,3.0,No,No,No,1
168,19.0,Male,Urban,4.1025772057148355,59.70935723750501,3.1955373764321813,4.0,No,Yes,No,0
169,23.0,Female,Rural,2.8505322204534567,,2.7564222711642885,5.0,Yes,No,No,0
170,32.0,Male,Urban,3.6697564632833934,39.660833213917485,3.733050671531475,3.0,No,Yes,Yes,1
171,,Male,Urban,3.5045616908003314,65.88010152967001,3.9085003458297405,2.0,Yes,Yes,Yes,0
172,28.0,Female,Urban,2.9341897712115497,50.07367897309577,3.1647839254677295,5.0,No,Yes,No,1
173,27.0,Female,Urban,3.7293889496450094,64.8199408237048,4.665863604526786,5.0,No,Yes,No,0
174,,Male,Rural,3.6209507015273643,80.16089003684365,,6.0,No,Yes,No,0
175,17.0,Female,Rural,3.3537847997334,62.43266464721511,2.9739455139120388,1.0,No,Yes,No,0
176,15.0,Male,Urban,3.8376172499315655,71.66066330588642,4.5321239783232,4.0,No,Yes,No,0
177,34.0,Female,Urban,2.7487217935623214,59.86270227699847,2.823262798509466,4.0,No,No,Yes,0
178,23.0,Male,Urban,3.567814924097084,93.27379128694037,1.8787615558994926,3.0,No,No,No,0
179,20.0,Male,Urban,3.8588484994673955,80.95835594902873,4.2795871366717515,2.0,No,No,No,0
180,20.0,Male,Urban,3.770410714875404,83.52629663782122,3.5985666055354746,5.0,Yes,No,Yes,0
181,29.0,Female,Rural,4.24585666917477,54.06182277591112,2.2041187371427564,3.0,No,No,No,0
182,,Male,Rural,2.8793324554907924,56.78705355089382,3.7825901437218827,1.0,Yes,No,No,0
183,34.0,Female,Urban,2.695271745220354,82.9570905710814,2.3415840362427742,3.0,No,Yes,Yes,1
184,32.0,Male,Urban,3.743440645234955,67.66758183046083,2.0870370907989013,4.0,No,Yes,No,0
185,26.0,Female,Urban,3.8730915164615958,66.90493538485913,3.039626349164571,2.0,Yes,No,Yes,0
186,24.0,Female,Urban,4.87189427590612,74.0053997476329,2.77615950907563,4.0,Yes,No,No,0
187,30.0,Male,Urban,3.9699674857241707,54.937875784618626,,2.0,No,Yes,No,1
188,26.0,Female,Urban,3.0756310215784826,79.27440227534157,2.868604834176887,3.0,No,No,Yes,0
189,25.0,Female,Urban,4.083617840941066,70.21988755218884,2.3563629661096526,3.0,No,No,No,0
190,22.0,Male,Rural,3.0926219113519675,75.75088174668346,3.2099078146069244,2.0,No,No,No,0
191,24.0,Female,Urban,2.7084984326062598,61.95263178540092,3.1433725780128094,5.0,No,Yes,Yes,0
192,30.0,Female,Urban,5.0,76.15875834255114,3.759358968481375,3.0,No,No,No,0
193,17.0,Female,Urban,3.795495227638453,61.54142044661179,2.7972964146373407,4.0,No,Yes,No,0
194,16.0,Female,Rural,4.028970379084322,81.45256716285502,2.0940568016818255,5.0,No,Yes,No,0
195,29.0,Female,Urban,3.9381301516186,83.55575424525249,2.1039358439446563,3.0,No,Yes,No,0
196,23.0,Male,Urban,4.68724606445371,80.94262741917767,2.964863952607172,1.0,No,No,No,0
197,31.0,Male,Urban,3.7704639098850454,76.19756399055879,4.393956892036096,3.0,No,Yes,No,0
198,16.0,Male,Urban,4.330618819607755,77.60579505521719,3.8426287445615164,2.0,No,No,No,0
199,33.0,Male,Urban,,37.52887125896217,2.6478600952062825,5.0,Yes,,Yes,0
200,18.0,Female,Rural,2.7647034056711384,80.01861046919328,3.9176802126268067,2.0,Yes,No,No,0
201,23.0,Male,Urban,4.455934206148559,66.71152167478974,2.2319620899078796,4.0,No,Yes,No,0
202,34.0,Male,Urban,4.484915831045395,71.13933991738992,3.9749168187383024,1.0,Yes,Yes,No,0
203,,Male,Urban,3.9064354891881354,66.59552629216894,,,No,Yes,Yes,0
204,28.0,Male,Rural,3.7356399022327778,53.30635583678331,3.7787805888801396,2.0,No,Yes,No,0
205,29.0,Male,Urban,,63.53639959606896,3.661641091406023,5.0,Yes,No,Yes,0
206,24.0,Female,Rural,3.187103142939393,,2.9399402811482362,4.0,No,No,No,0
207,17.0,Male,Rural,4.5231827399918405,87.00843509978887,3.425220301489489,4.0,Yes,Yes,No,0
208,25.0,Male,Urban,3.9953284888990925,62.52493288593888,2.3064880347802728,1.0,No,No,Yes,1
209,24.0,Female,Urban,3.903543266701326,59.15234218355751,3.1032113083209216,3.0,No,No,No,0
210,32.0,Male,Urban,3.8256751604830814,,4.0313401577016785,5.0,No,No,No,0
211,28.0,Male,Urban,4.228747692814121,59.40916846713998,5.0,4.0,No,Yes,No,0
212,22.0,Female,Urban,3.9030031799183207,94.88363153274199,3.726541992353871,4.0,No,Yes,No,0
213,17.0,Male,Rural,4.047215861754719,70.60778371346024,3.2331884148578838,3.0,No,Yes,No,0
214,27.0,Male,Urban,2.8986414750752587,59.39909158123926,,2.0,Yes,Yes,Yes,1
215,21.0,Female,Urban,3.9060197990782806,81.81205128497905,4.012414079354933,5.0,,Yes,No,0
216,28.0,Female,Urban,4.912320906635094,90.32018639541583,1.833925467099203,2.0,No,No,No,0
217,32.0,Female,Urban,3.288886196850572,52.78302885551379,2.5188373441667897,2.0,Yes,No,No,0
218,22.0,Male,Urban,3.5227026789556666,88.70754506302212,3.4501559370663264,,No,Yes,No,0
219,33.0,Male,Urban,4.135166225346015,66.62313771155854,2.1957947278832384,1.0,Yes,No,No,1
220,25.0,Male,Urban,4.174381899363414,87.83595475517052,4.398651344787337,4.0,No,Yes,No,0
221,26.0,Female,Urban,3.9746562551954683,65.43442681025823,4.039846044925901,4.0,No,No,,0
222,30.0,Male,Urban,2.629439842109736,51.073682098371975,2.707030173458911,3.0,No,No,Yes,0
223,30.0,Male,Rural,3.901038164830717,76.02360534046284,2.7174266847148747,,No,No,No,0
224,33.0,Female,Urban,2.889795291083905,81.11893718053737,2.104811837690566,3.0,Yes,Yes,No,1
225,34.0,Female,Urban,3.1051788490171788,95.15155430134487,2.039187234267591,1.0,No,No,No,0
226,18.0,Female,Urban,3.9288322717430675,90.6831727603492,3.5181835403687685,1.0,No,No,No,0
227,23.0,Male,Urban,3.422505525863962,78.3429047135031,3.6634301854870785,3.0,No,Yes,No,0
228,33.0,Male,Urban,4.085773747828661,67.1475124165076,3.4450278847489857,1.0,No,Yes,No,1
229,21.0,Female,Urban,5.0,63.7521804318734,,2.0,No,No,No,0
230,16.0,Female,Urban,4.066308030230366,66.46152465349681,2.713454738554103,3.0,No,No,Yes,0
231,26.0,Female,Urban,4.033711591808683,60.02881327836843,3.4522243782304765,4.0,No,No,No,0
232,30.0,Female,Rural,3.0625635126255886,66.70537563273702,1.9817725847455145,3.0,Yes,No,Yes,1
233,30.0,Male,Rural,3.214221435940911,39.46567091348689,3.169698604645595,2.0,No,No,No,0
234,31.0,Female,Urban,2.96180286806934,72.14641679151508,4.346082589903676,4.0,No,No,No,0
235,28.0,Female,Urban,,69.65277880734845,4.224944164661528,5.0,No,Yes,No,0
236,18.0,Male,Urban,2.9449487664419465,100.0,,4.0,No,No,No,0
237,32.0,Male,Urban,3.204185989760334,79.10489189002516,2.8949191735748583,4.0,,No,No,0
238,23.0,Male,Rural,3.4747668988092024,64.23735717321357,4.269196846445911,2.0,No,Yes,No,0
239,32.0,Female,Urban,2.999655679216881,76.77681269129597,4.598150581044107,5.0,No,No,No,0
240,31.0,Female,Urban,2.7485417394225453,55.29080659258733,1.9618978488418728,4.0,No,Yes,No,1
241,34.0,Female,Urban,2.7831218852534385,62.76769711286057,2.8208307733188387,2.0,No,No,Yes,0
242,16.0,Male,Urban,3.8723526674362376,47.588863442015985,3.351266579943319,4.0,No,Yes,No,0
243,,Male,Urban,3.635847918817178,87.2351142744256,4.14158123303914,4.0,No,No,Yes,0
244,27.0,Female,Rural,4.215564196988912,,,,No,No,No,0
245,25.0,Male,Urban,4.226663531080321,55.89298867439049,,3.0,No,Yes,No,0
246,31.0,Female,Urban,3.395616646829457,69.27414903210517,2.9222132475746827,4.0,No,Yes,No,0
247,34.0,Male,Urban,4.002026144642721,81.39721837645342,5.0,4.0,Yes,Yes,No,0
248,25.0,Female,Rural,2.735687672064865,75.94130297857023,3.5087929940727296,4.0,No,Yes,No,0
249,17.0,Male,Urban,4.969814122223025,74.58732444232764,3.055367197505532,1.0,No,No,No,0
250,29.0,Female,Urban,4.317242579512776,59.70589378710808,2.8945298480153525,2.0,No,No,Yes,0
251,20.0,Female,Rural,3.4709799628952354,62.35305875581449,4.011455212263558,6.0,Yes,No,Yes,0
252,20.0,Male,Rural,2.9020803395379504,71.14182818620067,3.7091217600598427,3.0,No,Yes,Yes,1
253,19.0,Male,Rural,3.828029146321176,81.04306615236749,2.294053491423119,4.0,No,No,No,0
254,19.0,Female,Rural,2.4779558829100057,60.053597352783214,3.3380790133607623,2.0,Yes,No,No,0
255,33.0,Female,Urban,3.1324185383361867,56.54319959551535,,4.0,Yes,No,,0
256,22.0,Female,Urban,4.049254535402719,83.72835904488726,2.556681902116911,4.0,No,Yes,Yes,0
257,18.0,Female,Urban,3.645269400056422,58.83625201070603,2.1240204786299572,,No,Yes,No,0
258,19.0,Female,Urban,3.305421161493787,82.92594043623768,2.0989670685983395,6.0,No,No,No,0
259,23.0,Female,Rural,4.170443747482131,72.91665834363305,2.612265569860826,3.0,No,Yes,No,1
260,22.0,Female,Urban,2.976819593463153,80.57256788416798,2.3767034936973537,3.0,No,No,No,0
261,21.0,Female,Urban,3.7708203694972635,90.93256232168997,3.5879764930983415,,No,Yes,No,0
262,34.0,Male,Urban,3.3012686991984177,78.26396249847346,3.8039939657060637,3.0,No,No,No,0
263,32.0,Female,Urban,3.0915777259101636,200.0,2.972094091510451,3.0,,Yes,No,0
264,26.0,Female,Urban,3.878037455970258,58.98597850076016,2.265036257180558,6.0,Yes,Yes,No,0
265,34.0,Female,Urban,3.0042723395216555,61.65777182511681,3.8100707417710122,3.0,Yes,No,,0
266,22.0,Male,Rural,4.7412038692469505,77.72735827969662,1.5381471927598291,4.0,No,No,No,1
267,18.0,Female,Urban,3.2491698927192014,88.411129904344,1.6126494336299322,4.0,No,No,No,1
268,,Female,Urban,4.79389198978496,86.70522487056947,3.748432072004067,1.0,No,No,No,0
269,17.0,Male,Rural,2.943617526406092,97.79998532373003,3.6911836978048633,2.0,No,No,No,0
270,34.0,Female,Rural,3.9635708509974807,73.73068927164466,,,No,No,No,0
271,20.0,Male,Urban,2.880254585014846,72.43340509548845,2.9908058364405234,1.0,Yes,No,Yes,1
272,24.0,Male,Rural,2.795329615271524,82.0744222539422,2.150849329578131,2.0,Yes,Yes,No,0
273,19.0,Female,Rural,3.6958232058442038,70.2269644752506,2.754976735271125,4.0,Yes,No,No,1
274,34.0,Male,Urban,4.006535298126855,69.25037964614508,3.6196088344328174,4.0,No,Yes,No,0
275,19.0,Female,Urban,2.8354422279655056,57.43162117644806,,2.0,No,Yes,No,0
276,25.0,Female,Rural,4.310488240324231,81.89464171697718,2.600067822176911,2.0,Yes,Yes,No,1
277,34.0,Female,Rural,3.1214405910141365,57.136026743236954,2.0437436954129504,5.0,Yes,Yes,No,1
278,25.0,Male,Urban,3.678733614038971,76.1471211017029,2.2292296087928567,3.0,No,No,No,0
279,33.0,Male,Urban,3.8278673158507432,52.96990908452522,3.841539275279738,3.0,Yes,Yes,No,0
280,33.0,Female,Rural,3.9568090088769265,83.1560393568096,,4.0,Yes,Yes,No,0
281,30.0,Male,Urban,-1.0,57.65430612078834,,4.0,No,Yes,Yes,1
282,30.0,Female,Urban,4.571137570669944,80.12178614684115,2.2963369865697265,6.0,Yes,Yes,No,0
283,26.0,Female,Urban,3.937075860996613,50.92797437458984,2.7125640686182226,2.0,No,No,No,0
284,27.0,Male,Urban,3.344643911479842,64.72220749475419,3.6045149219450443,4.0,No,No,No,0
285,31.0,Male,Rural,2.985507658326002,84.1401448396475,2.2254438474473606,3.0,No,No,No,0
286,24.0,Female,Urban,2.5835570824301497,60.335852564638074,3.0287392879082837,2.0,No,Yes,Yes,0
287,33.0,Male,Urban,2.7831460703456137,70.80629213098472,1.440958139420091,3.0,No,No,No,1
288,32.0,Female,Urban,3.9269630874423407,64.25882804535128,2.1541858548759616,1.0,Yes,Yes,No,0
289,23.0,Female,Urban,3.3953560288420115,42.28683643968515,,2.0,Yes,No,No,0
290,23.0,Female,Rural,2.921090430138929,73.69670894641484,3.885627034187258,2.0,No,No,No,0
291,29.0,Male,Urban,3.2838390206875108,75.18710199471806,2.2352258991013025,4.0,No,No,No,1
292,33.0,Female,Urban,4.538467524291964,,2.5428179958172734,4.0,Yes,No,No,1
293,,Male,Rural,3.4015950597627906,76.88423556027482,3.8053324217447617,2.0,Yes,No,No,0
294,17.0,Male,Urban,3.2493310527125887,60.45165875169583,2.8508364599752096,3.0,No,Yes,No,0
295,20.0,Female,Urban,4.410363640911838,57.959237544318555,,4.0,Yes,No,No,0
296,24.0,Male,Rural,3.8771350153943,70.08224260098737,,3.0,No,No,Yes,0
297,19.0,Female,Urban,3.626568497451588,61.82302067105494,3.3219016488672333,3.0,No,Yes,No,0
298,25.0,Male,Rural,3.2353308639366998,97.50920325896554,4.057773868513724,6.0,No,No,Yes,1
299,26.0,Male,Rural,2.6685535310126767,51.340940420771176,3.8025758610224627,3.0,No,No,Yes,0
300,34.0,Male,Urban,2.897674487106665,78.86128014677233,,3.0,No,No,No,1
301,30.0,Male,Urban,,81.86688768554355,3.0692276853206786,4.0,No,No,No,0
302,20.0,Female,Urban,3.468224579758761,46.248746498507714,3.116626181536732,1.0,Yes,No,Yes,0
303,30.0,Male,Urban,3.8137453704164637,,2.0754842818238464,3.0,No,No,No,0
304,31.0,Female,Urban,3.9310588364068915,76.74869071813022,2.382979442109977,5.0,No,No,No,1
305,28.0,Male,Urban,3.733752935698136,64.22185878773271,3.945720513957479,4.0,No,,No,0
306,28.0,Male,Urban,3.7322451030859805,74.60275423034598,1.8901915553918547,,Yes,Yes,No,1
307,21.0,Male,Urban,2.9954851850350463,83.67336482813086,3.9642438281953223,3.0,No,Yes,Yes,0
308,29.0,Female,Urban,2.307147034093499,65.5342215359691,3.394568231794275,3.0,No,No,Yes,0
309,18.0,Female,Rural,3.287474504906518,57.23241170944378,,2.0,No,Yes,No,0
310,27.0,Male,Rural,3.0275104661076364,37.24670762444657,3.597820598719887,2.0,Yes,No,No,0
311,33.0,Male,Urban,3.208423828475194,72.45519641074794,3.54813493267055,1.0,Yes,No,No,1
312,34.0,Female,Urban,3.435267614908387,58.856612326973504,4.136600832551442,2.0,Yes,No,No,0
313,21.0,Male,Urban,2.853835754861396,73.76062349050396,,2.0,Yes,Yes,Yes,0
314,22.0,Female,Urban,2.9336937469641207,72.77946848774825,2.982404854503063,3.0,Yes,No,No,0
315,27.0,Female,Urban,3.539809761331168,53.38638644385102,2.968459085078678,3.0,No,Yes,No,0
316,23.0,Male,Rural,3.6694623135898263,90.68651061686813,4.677510256355687,4.0,No,No,No,0
317,29.0,Female,Urban,3.206401033250988,82.9990995455805,3.9254109430797364,4.0,Yes,Yes,No,0
318,19.0,Female,Urban,3.898971041258881,80.1792565666484,2.424230018534288,3.0,Yes,Yes,No,0
319,19.0,Female,Rural,3.4683271725883196,55.7863250083769,2.89865337080109,4.0,Yes,Yes,No,0
320,16.0,Female,Urban,2.9880521474716804,65.11083659721096,2.5999387482927316,3.0,Yes,Yes,No,0
321,24.0,Female,Rural,3.6244384007551336,63.43684572170478,,3.0,Yes,No,Yes,0
322,20.0,Female,Urban,4.729448150991443,,3.338618586858506,3.0,No,Yes,No,0
323,21.0,Male,Rural,3.1950442798078065,56.51070716257769,,4.0,Yes,No,No,0
324,33.0,Male,Rural,4.299683849006998,75.2157640939492,1.7017869729126183,6.0,No,No,No,0
325,31.0,Male,Rural,4.42666553554477,72.75080232161143,,5.0,No,No,No,0
326,31.0,Male,Rural,4.498896960666057,74.38446621427845,3.5178684951624506,1.0,No,No,No,0
327,,Female,Urban,3.106423191359217,63.92860265886782,2.6040359481798947,4.0,Yes,No,Yes,0
328,18.0,Female,Rural,4.809224358822758,85.49221912256525,3.047682402564476,1.0,Yes,Yes,No,0
329,30.0,Female,Urban,3.6698096749637252,72.25289758588343,2.770097720399902,4.0,No,No,No,1
330,27.0,Female,Urban,3.447726655974507,37.14615882952717,3.2083986780548748,5.0,No,No,No,0
331,33.0,Male,Urban,3.4617912509983673,62.31863422398341,3.9764262691726406,4.0,No,Yes,No,0
332,25.0,Female,Urban,3.9609441238581575,69.3159767678412,1.9499731900287949,2.0,No,Yes,No,1
333,19.0,Female,Urban,3.6306765195881883,81.58391057225866,4.222650744860503,3.0,No,No,No,0
334,27.0,Male,Urban,3.493861991572806,66.39137275038478,2.869084629238921,2.0,Yes,Yes,No,1
335,24.0,Female,Rural,4.370153349567639,66.99897316470933,4.374933607904192,4.0,No,No,No,0
336,,Female,Urban,3.166342397337253,62.04620485820325,3.4999665237507673,4.0,No,No,No,0
337,23.0,Male,Rural,2.9741136425070964,77.98663997556253,4.159248501046137,4.0,Yes,No,No,0
338,21.0,Male,Urban,4.075863059591103,64.62895355609791,3.6239619019982423,3.0,No,No,No,0
339,18.0,Female,Urban,4.022158428476647,62.758597106124135,4.040996889663867,4.0,No,No,No,0
340,34.0,Male,Rural,4.25638652132224,61.09412892097583,3.215561100129027,2.0,No,No,Yes,1
341,30.0,Female,Rural,2.95668014418532,76.67897769445723,2.503429725245903,5.0,Yes,No,No,1
342,24.0,Female,Rural,4.248834875443374,63.60430408490948,3.7101957136994406,5.0,Yes,Yes,No,0
343,20.0,Male,Urban,,49.88923067725647,3.741340071235543,1.0,Yes,No,No,1
344,27.0,Female,Urban,4.657545261323358,77.4718810861494,4.8550261115228235,4.0,Yes,No,No,0
345,23.0,Female,Rural,2.8510274036690193,61.5839659050719,1.5639382838338336,4.0,Yes,Yes,Yes,1
346,28.0,Male,Urban,3.7309442091119664,74.28403274542464,3.013309146445443,2.0,No,Yes,Yes,0
347,17.0,Male,Rural,3.4334595483143766,74.4854218515019,4.0234642422559705,1.0,No,No,No,0
348,19.0,Female,Rural,2.6461404467239102,84.44328370461884,2.166798799635761,1.0,Yes,Yes,No,0
349,29.0,Male,Urban,3.171067236728017,82.53436503060621,2.989726060500999,4.0,No,No,No,0
350,17.0,Female,Rural,4.276238490660659,63.09964478968444,4.870814219690148,1.0,Yes,No,No,0
351,28.0,Male,Urban,3.3186235932738892,68.0033849788698,,3.0,Yes,No,No,0
352,23.0,Female,Rural,3.166441473207715,54.515127108557586,2.467516692032007,5.0,Yes,No,No,0
353,16.0,Female,Urban,4.120956235132411,90.12799188565407,4.317009121501378,1.0,No,Yes,No,0
354,,Female,Urban,4.193326004199767,75.29952657750621,4.123002111287085,4.0,Yes,Yes,No,0
355,29.0,Male,Urban,4.192070371767876,86.73302466715752,3.7970071570659467,3.0,Yes,No,No,0
356,31.0,Female,Urban,3.1261839751751386,66.17204580200195,3.479521921149705,3.0,No,Yes,Yes,0
357,33.0,Male,Urban,3.5651947482454887,45.410266876446855,3.365241574758486,3.0,Yes,No,Yes,0
358,29.0,Male,Urban,4.218395483848161,88.38055188876868,2.477090653983147,3.0,No,No,Yes,0
359,31.0,Male,Rural,3.2063795226907064,71.11741130524993,2.7605667141412753,5.0,Yes,No,No,1
360,18.0,Female,Rural,3.1504012974063147,71.59822124263577,3.7623881661875087,4.0,No,No,No,0
361,33.0,Male,Urban,4.096939186187629,70.6655579799636,,3.0,No,No,No,1
362,33.0,Male,Rural,4.537409216486873,77.73608948174382,4.657838753087608,2.0,Yes,Yes,Yes,0
363,29.0,Male,Urban,2.908755153670807,76.39759941250824,2.908060222050367,3.0,Yes,Yes,No,1
364,31.0,Female,Urban,2.041458950849274,50.91356138600901,1.2516725814940877,6.0,No,No,,1
365,30.0,Female,Rural,2.729810131645397,83.04272146158826,2.908079527865792,5.0,No,No,No,1
366,32.0,Female,Urban,2.9925285309248157,63.65255509970284,3.398521734675205,1.0,No,No,No,1
367,32.0,Female,Urban,3.517393980915511,64.39542344555585,3.4828633458606335,3.0,Yes,No,No,0
368,25.0,Male,Rural,3.969509524513162,90.72914491704597,3.230787045540979,3.0,No,Yes,No,0
369,31.0,Female,Urban,3.512099287614203,81.04670329456866,,3.0,No,No,No,1
370,33.0,Female,Urban,3.179796290287474,65.94177336468519,4.3746971336758325,2.0,Yes,No,Yes,0
371,21.0,Female,Rural,3.6920218115965504,47.72329431111457,,2.0,No,No,No,0
372,16.0,Female,Urban,3.022876948086254,71.9396472471552,,3.0,No,Yes,Yes,0
373,19.0,Female,Rural,3.5718477949417466,76.4638698622647,2.947382800805421,4.0,No,Yes,No,0
374,16.0,Male,Urban,3.2150589228401603,69.03357389384561,2.218417620435087,4.0,No,No,Yes,0
375,24.0,Female,Rural,5.0,55.04753128651797,,4.0,No,No,No,0
376,100.0,Female,Rural,4.090072164054877,60.51174441577042,,4.0,No,Yes,No,0
377,20.0,Male,Urban,3.09899134509842,54.937346728011924,2.496366185534931,1.0,Yes,No,No,0
378,20.0,Female,Urban,3.0018394743636487,72.58475839351732,3.52525938630199,2.0,No,No,Yes,1
379,29.0,Female,Urban,3.3370930721344987,79.83300343851178,2.8933972868244595,3.0,Yes,Yes,No,0
380,20.0,Male,Urban,2.613074928600557,82.30478773702933,3.7803608825214874,2.0,No,No,No,0
381,,Male,Urban,3.1617033231729996,61.21326532341041,3.0996951947944478,3.0,No,Yes,Yes,0
382,19.0,Male,Urban,3.1570637297498,72.82030339845466,2.817158966417904,3.0,No,Yes,No,0
383,34.0,Female,Urban,4.13035541358327,76.64883752557124,4.910736402465053,3.0,No,Yes,Yes,0
384,26.0,Female,Rural,3.3440398102877023,63.8662103397713,3.004442665035287,1.0,No,No,Yes,1
385,20.0,Female,Urban,3.1256725313450646,68.217911380597,3.0543449026475242,5.0,No,No,No,0
386,16.0,Female,Urban,2.795720496980875,95.48639658084991,2.3141177467003584,6.0,Yes,No,No,0
387,21.0,Female,Urban,2.894016870492166,72.46147616176127,2.58264945896472,4.0,No,Yes,No,0
388,27.0,Female,Urban,,80.59550708810833,3.7015056912170667,2.0,No,No,No,0
389,18.0,Male,Rural,7.0,64.78198857104259,3.633273429729572,3.0,No,Yes,Yes,1
390,,Female,Urban,4.2805509766089935,70.50108929687529,3.1836839408007185,5.0,No,Yes,No,1
391,18.0,Female,Urban,3.222521633627721,49.42805309202897,2.621972215649779,4.0,No,No,No,1
392,28.0,Male,Urban,4.235510571924589,69.69916218898507,3.7321786314102208,4.0,No,Yes,No,0
393,17.0,Female,Urban,3.7542757873100454,84.30733559229213,1.819596583634345,4.0,Yes,No,No,0
394,16.0,Female,Rural,3.597218587668777,95.18678294138749,,6.0,No,No,No,0
395,24.0,Female,Urban,2.395017442985811,84.35969233296197,2.981866172748526,4.0,No,No,No,0
396,21.0,Male,Urban,2.8259650890047214,78.2422713860172,2.507083234417691,2.0,No,Yes,No,0
397,26.0,Male,Urban,4.044857313305543,70.63557201462781,3.3069583521507147,3.0,Yes,No,Yes,0
398,,Male,Urban,4.438691917406999,62.80037047166259,2.6506402963109004,5.0,No,Yes,No,0
399,32.0,Male,Rural,,68.07674172209808,2.542551476345322,2.0,No,Yes,No,0
400,26.0,Female,Urban,4.057516388932905,77.35403234415054,,1.0,No,Yes,No,0
401,28.0,Female,Urban,3.3553667148476496,60.57828481221674,3.779699308235078,1.0,Yes,No,No,0
402,31.0,Male,Rural,3.37718944353538,81.19750016171639,4.147028478565779,1.0,Yes,No,No,0
403,24.0,Male,Rural,3.202222425742613,58.19060770310807,3.228683136526777,2.0,No,No,No,0
404,28.0,Male,Urban,4.184819261865494,48.649073114639116,3.9600072229586676,4.0,No,Yes,No,0
405,,Male,Rural,3.805678431044116,57.85481171378244,3.8135682526935955,4.0,Yes,Yes,Yes,0
406,27.0,Male,Urban,3.4594984101404656,50.01543240707276,4.159957755136034,,Yes,Yes,Yes,1
407,20.0,Female,Urban,3.4029652411665143,53.53197087415551,5.0,3.0,No,No,Yes,0
408,19.0,Male,Rural,3.933903351857107,83.58560091569248,,3.0,Yes,Yes,Yes,0
409,30.0,Female,Rural,3.793869326665488,67.59817739306122,3.3979098231040257,5.0,No,No,No,0
410,26.0,Female,Urban,3.1007748208145545,,3.149859968083153,2.0,No,No,No,0
411,23.0,Male,Urban,4.629591526468989,83.8973627250763,0.37861492068620217,3.0,Yes,Yes,No,0
412,16.0,Male,Urban,3.7542173521911666,85.10922018290655,2.074409800638431,3.0,Yes,No,No,0
413,20.0,Male,Urban,3.6062874625643353,63.9448520528277,3.2073951359795037,4.0,No,No,No,0
414,31.0,Female,Urban,4.486371404377544,85.94277570862292,3.6996819966079046,4.0,Yes,Yes,No,0
415,24.0,Female,Rural,4.214410198570281,74.61517310500723,2.732491913900545,4.0,Yes,Yes,No,1
416,34.0,Female,Rural,3.54721988485222,70.03991893085772,4.102144248816021,4.0,No,No,No,0
417,33.0,Male,Rural,3.9215911087171405,75.30518704533426,4.221308613809815,3.0,No,No,No,0
418,32.0,Male,Rural,2.9580130041054304,52.89248056880918,2.8639045643234042,4.0,No,No,No,0
419,16.0,Female,Urban,3.2154942460189706,60.566786142927484,4.334268730204929,5.0,No,No,Yes,0
420,16.0,Male,Rural,2.2438011318297093,68.70229065156141,4.596782639701331,3.0,Yes,No,Yes,0
421,26.0,Female,Urban,4.332220214289383,77.3164915751998,3.5671943464520353,4.0,Yes,No,No,0
422,22.0,Female,Rural,2.4609531258988104,65.53562740396282,2.410865856099766,3.0,No,Yes,Yes,1
423,31.0,Male,Urban,4.008765140368076,68.47217490337306,4.371277795180412,3.0,No,No,No,0
424,22.0,Female,Urban,3.1015938658341984,,3.065857060896245,4.0,Yes,No,No,0
425,18.0,Female,Rural,3.0126171193094526,86.94041948299278,2.89517170425147,2.0,No,No,Yes,0
426,18.0,Female,Urban,3.482981474767651,79.20559656831644,3.2907711087174296,2.0,Yes,No,No,0
427,21.0,Male,Urban,3.7598473078509316,85.22106484546902,,2.0,Yes,Yes,No,1
428,27.0,Male,Urban,3.967263887520183,65.14768193141205,4.056344414492526,3.0,No,No,No,1
429,18.0,Male,Rural,4.662979010996646,66.32277904608732,3.8205792194588373,4.0,No,Yes,No,0
430,31.0,Male,Urban,3.815168434662986,73.82024368805149,4.174332651683173,4.0,Yes,No,No,0
431,21.0,Female,Rural,4.128717217837645,66.38713277584628,3.6642869052860343,2.0,Yes,No,No,0
432,,Female,Urban,3.2409065940923334,63.914444527562935,2.564267409854677,3.0,Yes,No,No,0
433,28.0,Male,Urban,4.028232787533643,89.82573200412423,3.0722937772068875,2.0,Yes,No,No,0
434,32.0,Male,Urban,3.691961251818088,67.58582890336166,3.9003037331903925,4.0,No,No,No,0
435,24.0,Female,Urban,3.3220894776388583,58.40783045556613,2.8744467256364112,3.0,No,No,No,0
436,,Female,Rural,3.5424124105396593,75.84877062418704,5.0,2.0,No,No,No,0
437,21.0,Male,Rural,3.5627669386056975,92.0295383205139,3.0061582176423913,2.0,No,Yes,No,0
438,18.0,Male,Urban,3.7146715515163913,70.96970972798935,2.730888512182528,6.0,No,No,No,0
439,31.0,Female,Rural,3.8408347073550884,84.77647543555989,4.119122193314326,3.0,No,Yes,No,0
440,,Male,Urban,3.2946657775639254,64.74582784329668,3.7981901933671636,6.0,No,Yes,No,0
441,30.0,Male,Urban,3.1555359332761226,64.10423080052766,3.177659425114036,3.0,No,No,No,0
442,32.0,Female,Rural,4.048482950971646,61.722147362749084,3.015804640081537,2.0,No,No,No,0
443,25.0,Male,Rural,2.582069393980447,68.27907451509716,3.541202485787945,4.0,No,Yes,Yes,1
444,19.0,Male,Urban,3.2290760095036726,92.03616404819687,3.8684262824038473,5.0,Yes,Yes,No,0
445,27.0,Female,Rural,4.531570557647438,56.13405787258117,3.810171188557587,2.0,No,,No,0
446,26.0,Female,Urban,1.9756813848698873,89.64686596211155,2.9586701004066165,5.0,Yes,Yes,No,0
447,23.0,Female,Urban,3.1841687869526436,57.89862899850813,3.5455305747587524,4.0,Yes,No,No,0
448,28.0,Male,Rural,4.012631633602177,67.19426279790873,3.8751614600094904,5.0,No,Yes,No,0
449,21.0,Male,Urban,2.6098072773553627,80.02949728542991,3.811976162707108,6.0,No,Yes,No,0
450,27.0,Male,Urban,5.0,77.5631893975776,,3.0,No,Yes,No,1
451,31.0,Male,Urban,2.0469578519603058,73.38436192434058,2.487789201269818,6.0,Yes,No,No,0
452,17.0,Female,Urban,4.4619356706528395,50.207607487609664,2.5793076332833684,2.0,No,Yes,No,0
453,24.0,Male,Rural,4.534404819490473,74.34680950171082,3.01573973302479,3.0,Yes,Yes,No,0
454,28.0,Female,Rural,4.1498114195497395,57.7316235732317,,3.0,No,No,No,0
455,16.0,Male,Urban,3.4670486567199323,100.0,3.937147517596806,2.0,No,No,Yes,0
456,28.0,Female,Urban,3.814306921579471,67.43885758596716,3.6941482174499787,3.0,No,No,Yes,0
457,33.0,Female,Rural,3.061650065882225,72.26463839801363,3.098437876917253,4.0,No,Yes,No,0
458,31.0,Male,Rural,4.085594795488113,56.239583314055025,3.218513842947889,2.0,No,Yes,No,0
459,29.0,Male,Rural,2.928081052727306,64.25343862026449,4.60729596039147,3.0,Yes,No,Yes,0
460,31.0,Female,Urban,3.4356756398643693,54.507494066242124,2.70978890879797,3.0,No,Yes,No,0
461,22.0,Female,Urban,4.1977495678015915,81.77839281150892,3.443591356571019,2.0,No,No,Yes,0
462,22.0,Male,Urban,2.9314182562003825,66.85633081926764,4.452399309259847,4.0,Yes,Yes,No,0
463,17.0,Female,Urban,3.381438866183738,76.75192971114896,3.4767393606349937,2.0,No,No,No,0
464,29.0,Female,Urban,3.6985588953210504,61.7849532178724,1.5651873630426363,4.0,No,No,No,1
465,21.0,Female,Urban,2.7949269960788086,63.986290347046975,3.4999421089168816,4.0,No,No,No,0
466,32.0,Male,Urban,4.298623498249967,85.45816776356729,2.8901158126913864,4.0,No,Yes,Yes,0
467,24.0,Female,Urban,3.80446445437332,58.339680667224215,3.109519044992173,5.0,Yes,No,No,0
468,32.0,Male,Urban,2.6906460153656813,48.38267176696505,4.0408108744410125,5.0,No,No,Yes,0
469,18.0,Female,Urban,3.5718185135616505,74.87488191950536,3.5756273828395924,3.0,,Yes,No,0
470,19.0,Male,Urban,3.134798897100544,56.30400148796523,2.9887667958585182,2.0,No,Yes,No,1
471,22.0,Female,Urban,3.20546522007387,64.72640326236635,3.9136076152444272,2.0,No,Yes,No,0
472,,Male,Rural,3.646046878081703,80.93900058323366,3.548222583743703,5.0,No,No,No,0
473,25.0,Male,Rural,3.1741854473406765,60.17684290223681,3.2841127914215615,4.0,Yes,No,No,0
474,28.0,Male,Urban,4.17870697196067,80.54140089018938,3.440806373387243,5.0,Yes,Yes,No,0
475,28.0,Female,Rural,3.1772048866535982,61.825294710583876,3.402491806222661,5.0,Yes,No,No,1
476,20.0,Male,Urban,4.189025909998523,87.88814573442482,2.928380663276446,4.0,Yes,No,Yes,0
477,19.0,Female,Rural,3.5737443264443063,85.90123599005466,2.832719971057954,5.0,No,No,No,0
478,26.0,Male,Urban,,64.34325507239089,3.2201291048936818,4.0,Yes,No,No,0
479,28.0,Female,Urban,3.2751992052100376,67.4412620986077,2.4366046060836952,4.0,Yes,No,No,0
480,33.0,Male,Rural,3.296829631749974,60.016773628140605,2.19289310338661,5.0,No,Yes,No,0
481,33.0,Female,Urban,2.9085208274119134,,4.240728779170738,4.0,Yes,No,Yes,0
482,23.0,Male,Urban,3.946787293817909,83.790045911038,3.00824591094233,4.0,No,Yes,No,0
483,19.0,Male,Rural,4.162677152118242,52.638918175770044,3.1807982302720923,5.0,Yes,No,Yes,0
484,20.0,Female,Urban,4.871513137651155,81.00938133771763,3.091964783401188,3.0,Yes,Yes,No,0
485,32.0,Male,Rural,4.3743165108802184,54.11276002630348,3.218724566978913,4.0,No,No,No,0
486,24.0,Male,Urban,3.7498684076214515,59.68335272485332,3.218168760373321,3.0,No,Yes,Yes,0
487,34.0,Female,Urban,3.4734176872927542,48.54755486927542,3.25209993070352,3.0,Yes,No,No,0
488,28.0,Female,Urban,3.833222103715742,,2.55604338418749,5.0,,No,No,0
489,27.0,Female,Urban,3.583357373709536,70.70442045394037,3.9456185371211765,6.0,No,Yes,No,0
490,,Female,Rural,4.478085899611269,72.93703198054814,2.6463241987129953,6.0,No,No,No,0
491,27.0,Male,Urban,4.166366384345394,61.886613299867086,,4.0,No,Yes,No,0
492,23.0,Female,Urban,3.097943320240415,82.8036000039255,1.6649484547547329,5.0,Yes,Yes,No,0
493,32.0,Male,Urban,3.1874216794902397,44.76187898596454,2.350779964143933,5.0,Yes,Yes,No,0
494,18.0,Male,Urban,4.420369142143564,70.31998516772073,3.9936990375971524,4.0,Yes,No,Yes,0
495,19.0,Male,Rural,3.784848080861105,96.48069694960724,3.0814799907238255,2.0,Yes,No,No,1
496,28.0,Male,Urban,3.4609444945852874,65.41535184668504,2.6631832136521,1.0,No,No,Yes,0
497,28.0,Male,Urban,4.311801697281586,70.20577052879175,3.5001389021785445,4.0,No,No,,0
498,31.0,Female,Rural,3.367443529688521,78.06679591991369,2.3635795001928352,4.0,No,Yes,No,1
499,25.0,Male,Urban,3.4321346937082513,60.262591906947925,3.2614976006897787,4.0,No,No,No,1
500,23.0,Female,Urban,3.3232970752605486,70.2741419524537,1.4278775988158856,4.0,No,Yes,No,1
501,21.0,Male,Urban,2.422996496050392,81.53194229904827,2.8381112342605714,4.0,No,No,Yes,1
502,23.0,Male,Urban,4.118554194152596,72.33269838852364,,4.0,Yes,No,No,0
503,28.0,Male,Rural,2.8745493251840473,74.4518447132988,3.6316928819860523,3.0,Yes,Yes,Yes,0
504,,Male,Rural,3.258784368347061,65.80678707791554,3.900617035196568,4.0,Yes,Yes,No,0
505,21.0,Female,Urban,3.1536768703592024,73.787212707456,,2.0,No,Yes,No,0
506,20.0,Male,Urban,4.036194361180425,70.66918790879477,4.487128988932792,3.0,No,No,No,0
507,29.0,Female,Urban,3.558850330257647,87.4607787323167,2.72637336751784,4.0,No,Yes,,0
508,20.0,Female,Urban,3.609249930218484,78.69273411090421,1.5552610054134641,4.0,No,Yes,No,0
509,19.0,Female,Urban,2.5923241236608323,67.07581816155736,1.2962331659646802,2.0,No,No,No,0
510,22.0,Male,Urban,3.547537771059182,40.63825037167349,4.431168693088294,2.0,No,Yes,No,0
511,32.0,Male,Urban,2.714200140071399,78.58866586342735,3.1299707333131632,4.0,Yes,No,No,0
512,24.0,Female,Rural,3.7843181973985174,79.06318816467254,2.68213725184649,2.0,Yes,Yes,No,1
513,27.0,Female,Urban,3.8200337960985835,58.99710426296926,2.6016814252425617,5.0,No,No,No,0
514,17.0,Female,Rural,3.5895615103588825,46.01957893747326,2.3262268164601805,,Yes,No,Yes,0
515,22.0,Female,Urban,4.825886211513841,56.2983153278431,4.281787017100761,4.0,No,No,No,0
516,30.0,Female,Rural,3.916637348535339,81.11426512773396,3.1328935608001296,3.0,No,No,Yes,0
517,30.0,Male,Urban,3.9574945050202226,57.2226220942933,,5.0,Yes,No,No,0
518,27.0,Female,Rural,3.6853868118296065,64.48569822699939,3.0407978528514956,2.0,No,Yes,No,0
519,32.0,Female,Urban,3.48434515407704,72.64472871180614,1.319765999861982,2.0,No,No,No,0
520,,Female,Urban,4.179550956393739,84.69241578083066,3.875547153195789,4.0,No,Yes,No,0
521,19.0,Male,Rural,4.260869725004853,69.78211374493272,2.9054436057278004,4.0,No,No,No,0
522,17.0,Female,Urban,2.8193037830794907,68.79535207943461,3.0103378563439516,3.0,Yes,Yes,No,1
523,19.0,Female,Urban,4.232693762869293,63.4138070489996,4.453818694685488,3.0,No,No,No,0
524,30.0,Female,Urban,3.9082939206163063,89.56783346168018,2.9892896384310026,4.0,No,No,No,0
525,33.0,Male,Urban,4.1764200436253605,82.79140444926176,4.129594591046693,3.0,No,No,Yes,0
526,18.0,Female,Urban,3.8797072684480645,68.85851914402635,3.196006656151033,3.0,Yes,Yes,Yes,0
527,25.0,Male,Urban,9.0,53.2410509523573,2.598414994379512,4.0,No,Yes,Yes,0
528,18.0,Female,Urban,2.896250129500461,60.516525836138314,3.6058518202520675,3.0,Yes,Yes,No,1
529,32.0,Male,Urban,4.69475431748697,76.9537796698536,2.719454048179686,2.0,No,Yes,Yes,0
530,18.0,Female,Urban,3.751454321188228,61.34226794775467,4.182635962468163,5.0,No,No,No,0
531,28.0,Male,Rural,2.7496467035046797,80.70727543396671,,2.0,No,Yes,Yes,1
532,17.0,Male,Urban,3.808879200064865,74.33750241430974,,6.0,Yes,Yes,No,0
533,30.0,Male,Urban,3.382725838035549,73.51181670576702,3.687917634081277,5.0,No,Yes,No,0
534,33.0,Female,Rural,2.4939516265190034,77.84133731435476,3.651681774326529,3.0,No,Yes,No,1
535,29.0,Female,Urban,2.225887096973696,75.98305417345482,2.9795062271006802,5.0,No,Yes,No,1
536,21.0,Male,Urban,2.6383999834783127,59.73786951943246,3.9161171501234353,1.0,No,No,No,0
537,31.0,Female,Urban,3.7630755255771935,66.09003963858537,3.01816673081269,,No,No,No,0
538,21.0,Female,Urban,3.5711566691319185,98.0777930374435,3.6929645378023643,3.0,Yes,No,No,0
539,30.0,Male,Urban,3.4505044856248177,55.50572113864874,,3.0,No,No,No,1
540,31.0,Female,Rural,3.770806892277574,64.30546048519702,3.281622664799901,5.0,No,Yes,No,1
541,25.0,Female,Urban,3.960678256087803,82.78837470799623,3.5328739361067987,1.0,No,No,Yes,0
542,27.0,Female,Rural,2.3384955362790025,68.08887360936292,2.5692371448450495,5.0,Yes,No,No,0
543,32.0,Female,Rural,3.41930929071301,60.25453529862003,,1.0,No,No,No,0
544,19.0,Female,Urban,3.1032512097874294,54.12191458406289,2.7751644071586137,4.0,Yes,No,Yes,0
545,16.0,Male,Urban,2.860083013326503,76.4323350899599,3.7845199772045,3.0,Yes,No,Yes,0
546,24.0,Female,Urban,3.2716792331646,82.23870959661235,2.626533453182041,3.0,Yes,No,No,0
547,19.0,Female,Urban,3.5262767413234375,86.79872277720725,3.553387425340311,5.0,No,Yes,No,0
548,,Male,Urban,3.440186126064231,70.64546212195947,4.423020029867359,5.0,Yes,No,No,0
549,32.0,Male,Rural,2.7271996119385653,82.5398538864668,,1.0,Yes,No,No,0
550,23.0,Male,Urban,3.310110291214437,57.604707600903666,1.9144859022357172,3.0,No,No,No,1
551,21.0,Female,Rural,4.809499735154382,72.01625643763326,3.3048101906790635,3.0,No,Yes,No,0
552,,Male,Urban,2.9672670935721412,61.871356206089146,4.03727984059912,4.0,No,Yes,No,0
553,24.0,Male,Urban,2.587744212901254,72.08606601523749,2.9759497774383594,1.0,Yes,Yes,Yes,0
554,17.0,Female,Urban,3.765144941647243,79.00856416143615,4.092585607548222,5.0,No,No,No,0
555,28.0,Male,Rural,3.9579768964889226,82.83671404036434,3.6999065139390663,5.0,Yes,Yes,Yes,0
556,29.0,Female,Urban,3.878426461257116,58.12112541077329,3.5425721504167957,6.0,No,No,No,0
557,17.0,Male,Urban,2.9281694784920957,85.20984638904966,2.996889941861211,2.0,No,Yes,No,1
558,30.0,Female,Rural,4.198856955145248,125.0,2.796313717839944,2.0,No,No,No,0
559,26.0,Male,Urban,3.128800686896491,57.691206547212076,3.0015824421224915,5.0,No,No,No,1
560,31.0,Male,Urban,2.919074127455629,67.95274932760746,3.257165191856989,3.0,No,Yes,No,1
561,32.0,Male,Urban,3.234913486092026,52.449367251966734,3.6255276352469004,2.0,No,Yes,Yes,0
562,28.0,Female,Urban,3.5347796959675652,70.05493836068686,3.5437914372867647,1.0,No,Yes,No,0
563,22.0,Male,Urban,4.028454856838674,73.47644967141277,2.9669322421601096,2.0,No,Yes,No,1
564,23.0,Male,Urban,3.974299095413007,67.5955589958427,3.260288802197494,4.0,Yes,Yes,No,0
565,29.0,Female,Rural,3.5865004373649056,76.43397628673233,3.5184972532758256,4.0,No,Yes,No,0
566,17.0,Female,Urban,4.159743333407383,66.2238273358312,1.9087591638093744,3.0,No,No,No,0
567,20.0,Male,Urban,3.648893744039188,70.04861234279277,2.594374133293149,5.0,Yes,No,No,0
568,25.0,Female,Rural,4.13759034228028,52.71202998096376,2.5700542273017106,3.0,No,No,Yes,0
569,33.0,Male,Urban,2.757678723114484,70.51206600859955,3.046370852858322,3.0,Yes,No,Yes,0
570,30.0,Male,Urban,2.6554956043697255,59.78756311447277,,3.0,Yes,Yes,No,0
571,31.0,Male,Urban,,64.60265676660539,3.003757577902279,3.0,Yes,No,No,0
572,19.0,Male,Urban,2.765950532324398,68.8758512616765,2.5121510005415093,3.0,No,Yes,No,1
573,21.0,Female,Urban,3.419088479714768,72.29173159062873,3.7488063241604723,5.0,No,Yes,No,0
574,21.0,Female,Urban,3.541138348790741,50.24001244974619,3.4331403141546564,3.0,Yes,Yes,No,0
575,30.0,Female,Urban,3.3072294956073223,51.23888550526952,,2.0,No,Yes,No,1
576,26.0,Male,Urban,3.32790631569073,66.37629937302167,3.222010008704997,3.0,No,Yes,No,1
577,20.0,Female,Urban,4.4355759271068855,75.69263126339263,2.310514645285937,5.0,No,No,No,0
578,30.0,Male,Rural,2.0822390949001806,74.32289701091517,4.573614895839357,4.0,No,No,No,0
579,28.0,Female,Urban,4.130324180833697,80.71336522279272,2.8474683887005643,2.0,Yes,Yes,No,0
580,33.0,Male,Urban,4.977103405676139,85.61291757781136,2.897116869386271,3.0,No,No,No,0
581,26.0,Male,Urban,3.61415073633964,75.95719993413638,3.2794413339429305,3.0,No,No,No,0
582,,Female,Urban,3.5886151227123495,69.76165276108892,3.0524978342477773,1.0,No,No,No,0
583,32.0,Male,Urban,4.035822477373816,57.622506378305935,3.165990725852221,6.0,No,No,Yes,0
584,19.0,Male,Rural,4.6973127243408115,58.64718664507026,,5.0,No,No,No,0
585,17.0,Female,Urban,2.8871706305285985,64.39395434110162,3.3938405955159956,2.0,Yes,Yes,No,0
586,31.0,Male,Rural,3.6526136001331357,73.2098392796727,3.881134646584293,3.0,Yes,No,,0
587,24.0,Female,Rural,3.4882700850754937,72.64882639828559,4.115084576028208,3.0,No,No,Yes,0
588,28.0,Male,Urban,3.9356287661038794,70.0509250712575,2.433712282826395,2.0,No,Yes,No,1
589,18.0,Female,Rural,3.6955120178577077,68.16732810454477,4.564922508310313,2.0,No,No,Yes,0
590,29.0,Female,Rural,3.995791869450528,77.56595505164879,3.7642642363974668,1.0,No,Yes,Yes,0
591,23.0,Female,Urban,3.3470203908470744,72.49998917328502,3.9795263647546864,4.0,No,No,No,0
592,34.0,Male,Urban,3.6294012933411124,73.57416162229721,2.5232290719124957,3.0,No,Yes,No,0
593,28.0,Male,Urban,3.19779457175569,73.70124542877232,3.8679196163000054,4.0,No,No,No,0
594,33.0,Male,Rural,3.2014256977943725,63.44448452477243,3.5448894808447653,5.0,Yes,Yes,No,1
595,31.0,Female,Urban,3.5150760955962532,57.629949749005924,2.7845542420329807,4.0,Yes,No,No,0
596,32.0,Male,Urban,3.5147940569523697,75.89353351689181,5.0,3.0,No,No,Yes,0
597,17.0,Female,Urban,2.896509754658383,75.00072842910686,,2.0,,No,Yes,0
598,30.0,Female,Rural,4.542035027585266,67.35968726882479,3.023060250104465,4.0,Yes,Yes,No,0
599,27.0,Male,Rural,3.5189495458682587,65.01110880581862,3.3698713629379755,4.0,No,No,No,0
600,23.0,Female,Urban,2.7697795422518707,97.34108860330198,3.9429746199919324,5.0,No,Yes,No,0
601,21.0,Male,Rural,4.260920755572535,60.88949147380931,4.119094642362732,2.0,No,Yes,No,0
602,28.0,Male,Urban,3.1510303077533064,67.38947079382457,3.680327377853192,1.0,No,Yes,No,1
603,19.0,Female,Urban,3.904968800846799,73.18611253722895,4.188898685730836,5.0,Yes,Yes,No,0
604,19.0,Male,Urban,3.589789814034025,56.149233083757025,4.391332083920192,4.0,Yes,No,Yes,0
605,32.0,Female,Urban,3.7503697362293744,71.40683160007714,2.227505347707632,1.0,No,No,No,1
606,30.0,Male,Urban,3.7026126517088818,91.572989450294,2.8268724032392294,4.0,No,Yes,No,0
607,27.0,Female,Urban,3.254899333678427,81.2064183814424,2.463870226483382,1.0,No,No,No,0
608,,Female,Rural,3.6245677723032848,77.58640402743929,3.2933959444086858,4.0,Yes,Yes,No,0
609,22.0,Male,Urban,4.819855232231117,77.10913514734462,4.370271629244521,3.0,No,Yes,No,0
610,29.0,Female,Urban,2.25743649310005,71.34357059856009,3.7382797744356315,4.0,Yes,No,No,0
611,19.0,Female,Urban,3.6395742640096227,81.5007155147571,2.3792822179769493,1.0,Yes,No,Yes,0
612,24.0,Male,Urban,3.860988883567495,68.12965880153702,2.980983375335826,5.0,No,No,No,1
613,18.0,Female,Rural,2.9686370899192633,64.9263214396308,4.03877946291603,6.0,Yes,No,No,0
614,23.0,Male,Rural,2.7777911729040285,71.22451209095799,2.790803128031961,6.0,Yes,No,No,0
615,22.0,Male,Rural,4.895349547402977,80.86835924883502,3.138635636609945,4.0,Yes,No,No,0
616,23.0,Male,Urban,,73.96510708902177,,3.0,No,No,Yes,0
617,25.0,Female,Urban,4.847397096961645,78.09446736473745,1.7588001914041664,6.0,No,No,Yes,0
618,16.0,Male,Urban,3.9214579861777357,45.71056940897236,3.839672423082864,4.0,Yes,Yes,No,0
619,22.0,Male,Rural,3.645684636217268,84.31668874689991,3.489851991710752,4.0,No,No,No,0
620,32.0,Female,Urban,3.8855823072290665,98.08722069155507,3.670820601819189,4.0,No,Yes,,0
621,24.0,Male,Urban,3.98100326727364,86.01884860673627,2.4330724266079145,2.0,Yes,No,No,0
622,26.0,Female,Urban,4.3077931340262605,66.18856077417819,2.6016054136398004,5.0,Yes,Yes,No,1
623,17.0,Male,Urban,,59.81868061174944,2.7385334209258754,4.0,No,No,No,0
624,23.0,Male,Urban,3.6867663764701115,73.32957079047982,3.4164519604309755,2.0,Yes,No,No,0
625,34.0,Male,Urban,3.7057725101602674,58.15628965013667,3.2722779638476456,,No,No,No,0
626,26.0,Male,Urban,4.411147993247387,78.70805850178724,3.3182532023058244,2.0,Yes,No,Yes,0
627,16.0,Male,Urban,4.090180945291258,63.695074499472284,4.649373545142085,3.0,Yes,No,No,0
628,29.0,Female,Rural,2.9987870680064383,81.52796414667547,4.260385394336406,6.0,No,No,No,0
629,30.0,Male,Urban,3.2186227216444228,86.34563337888754,2.6407827800904493,3.0,No,No,No,0
630,23.0,Female,Rural,3.798449294446425,45.612977027437914,2.6931981171783956,3.0,Yes,No,No,0
631,16.0,Female,Urban,,73.51333613016749,4.588581931550011,5.0,Yes,Yes,No,0
632,31.0,Female,Urban,3.374107788361223,61.62062550318451,2.962422816345188,1.0,No,No,No,0
633,20.0,Male,Urban,3.026448250968598,53.08264071737448,4.319071030205561,2.0,Yes,No,No,0
634,33.0,Male,Rural,3.443014284286916,62.59188501368846,4.49489754857685,4.0,Yes,No,No,0
635,22.0,Male,Urban,3.854176584093049,67.37279344361025,,2.0,No,No,No,0
636,23.0,Female,Urban,,82.40424689448338,3.0004107639288087,4.0,Yes,Yes,No,0
637,31.0,Female,Urban,3.605538568976231,51.74311280418143,3.282264938605192,5.0,Yes,No,Yes,0
638,18.0,Female,Urban,4.844910017766541,82.60975104589002,2.524990900426866,4.0,No,No,No,1
639,16.0,Male,Urban,3.5541519675667206,94.21675494259247,2.4337092816678707,1.0,Yes,No,No,0
640,30.0,Male,Urban,5.0,77.16929279100358,,2.0,No,No,No,0
641,33.0,Male,Urban,4.200991253460229,76.55129499666849,3.8981580703144876,3.0,No,Yes,Yes,0
642,34.0,Male,Urban,3.8980334590934724,69.83892859536053,2.8576855884355172,6.0,Yes,No,No,1
643,18.0,Male,Urban,3.3005798135654296,55.899517169856324,3.0509420658280644,4.0,Yes,No,No,1
644,18.0,Female,Urban,1.9053035878572413,76.41792792720997,2.8438075269904695,4.0,No,Yes,No,0
645,22.0,Female,Urban,3.5069210324107982,74.6083298103216,2.1241300674971493,4.0,No,Yes,No,0
646,29.0,Female,Urban,3.7069309766175853,140.0,4.403500647617762,3.0,Yes,No,No,0
647,33.0,Male,Rural,4.7534719229730165,100.0,1.342211887331744,4.0,Yes,No,No,0
648,31.0,Male,Urban,2.7721502693849747,78.73337128033664,2.6927414155376597,1.0,No,Yes,Yes,0
649,23.0,Female,Urban,4.743531817991901,75.10854015474607,3.6629804330677427,3.0,No,Yes,No,1
650,33.0,Female,Rural,3.44925335664755,88.7431758564372,2.0993257984843274,5.0,No,No,No,0
651,20.0,Female,Urban,4.034434127103272,53.85740728876,,2.0,No,No,No,0
652,18.0,Male,Rural,2.0760921506823182,56.287568704801274,4.2178619277176885,4.0,Yes,No,No,0
653,24.0,Male,Urban,3.683418228905649,65.49752207985102,2.528199880597792,4.0,Yes,No,No,0
654,17.0,Male,Rural,3.393760767641353,62.14084877952298,,2.0,No,Yes,No,0
655,28.0,Female,Urban,4.009457646092869,78.32720033693899,2.3274768921074247,5.0,No,No,No,0
656,34.0,Female,Rural,3.6547351726540636,66.19070539708238,3.621373845959147,2.0,No,No,No,0
657,18.0,Male,Rural,,90.87920609192295,,6.0,No,Yes,No,0
658,18.0,Male,Urban,4.168192582373417,88.24536904014397,3.388088080318269,3.0,No,Yes,No,1
659,19.0,Male,Rural,4.016777243580953,79.24085256350614,4.308555333746531,4.0,No,No,Yes,0
660,19.0,Female,Urban,3.9580609176775976,65.36809860213039,3.59252844359955,6.0,No,No,No,0
661,26.0,Male,Rural,4.205349217276453,77.40340673001467,4.29233527589242,5.0,No,No,No,0
662,26.0,Male,Urban,4.260580464750591,79.73271212495304,,3.0,No,Yes,No,0
663,34.0,Male,Rural,,57.20114025416364,2.2558231642331488,2.0,Yes,No,Yes,0
664,24.0,Female,Rural,2.7854055163388716,74.18535678336305,3.4246457290524916,4.0,Yes,No,No,0
665,33.0,Female,Urban,2.7690226367106643,78.47336543344966,3.6071071190014146,4.0,Yes,Yes,Yes,1
666,30.0,Male,Urban,4.409850740391296,72.59756447498444,2.059015183537638,1.0,No,No,No,1
667,32.0,Female,Urban,4.0262684634966535,88.85332158946248,4.28230919412457,3.0,No,No,No,0
668,19.0,Male,Rural,3.661217608525796,84.56995601354141,3.2699139304998663,5.0,No,No,Yes,0
669,24.0,Male,Urban,3.3392110468802545,60.09301148954295,3.5099475733549608,3.0,Yes,Yes,No,1
670,33.0,Male,Rural,3.6189342587641593,71.49378806520963,2.4982693408493786,2.0,No,,No,1
671,30.0,Female,Urban,3.6148765260362756,59.9736878974644,3.2735302216548035,4.0,No,Yes,Yes,1
672,20.0,Male,Rural,3.3979447762453128,76.95467136827116,3.455341924366471,3.0,No,No,No,0
673,32.0,Female,Rural,3.1805850438874446,59.59422154850598,2.9544473717884525,5.0,No,No,No,0
674,30.0,Male,Urban,4.898590111492928,81.07973525807361,3.2799540791371466,3.0,Yes,No,Yes,0
675,18.0,Male,Urban,3.7371359630113576,,1.5197486763019743,1.0,Yes,No,Yes,0
676,17.0,Female,Urban,3.236517235366434,81.65001503053357,4.304965817096528,2.0,Yes,Yes,No,0
677,20.0,Female,Urban,2.8187630184661563,68.25898459747258,2.323974245788283,2.0,No,Yes,No,1
678,2.0,Male,Urban,,52.524481645930635,1.4694872973621373,6.0,Yes,No,Yes,0
679,18.0,Female,Rural,4.031835888470381,91.19002218147631,2.4469193569877836,3.0,No,Yes,No,0
680,16.0,Female,Rural,4.055030231111002,67.92917789764114,2.5472691353757715,3.0,No,No,No,0
681,18.0,Male,Urban,3.4689878729169914,86.52028074180295,,6.0,No,No,No,0
682,,Female,Rural,3.631026416338533,75.16218804471842,2.4840116687988205,2.0,No,No,No,0
683,23.0,Female,Urban,3.4169685179119433,78.08694778426505,3.4423924639567014,4.0,No,No,No,0
684,21.0,Male,Rural,2.9352982202184155,91.9569893717754,2.4473019671342473,6.0,No,Yes,No,1
685,24.0,Male,Rural,4.381011743692062,74.08282362190238,4.980470999984044,5.0,Yes,No,No,0
686,29.0,Male,Urban,3.823581186178641,86.80277568829122,3.651024216579577,2.0,No,No,No,0
687,20.0,Female,Rural,5.0,52.18809333932184,4.779669968220282,3.0,Yes,Yes,Yes,0
688,24.0,Female,Urban,3.1462978275952556,80.45320179519834,2.402972641076994,2.0,Yes,,No,0
689,29.0,Male,Urban,3.51747997898212,,3.7454749860500165,4.0,No,Yes,No,0
690,,Male,Rural,4.1297821310724565,68.39119166654841,2.4494362765392044,2.0,Yes,Yes,No,1
691,33.0,Female,Urban,3.4529431634599885,70.10459635527799,3.6770564967029467,2.0,No,No,No,0
692,34.0,Male,Urban,2.7673829832623222,74.15832540092073,3.7565549502657225,2.0,No,No,No,0
693,,Male,Urban,3.0306782268607018,89.88592573364849,1.9383943424873982,2.0,No,Yes,No,0
694,32.0,Female,Rural,3.6604500393844464,47.755442628668426,2.3045472452489424,4.0,No,No,No,0
695,20.0,Female,Rural,3.806020397344325,70.52848213950172,2.280520307031386,2.0,Yes,Yes,No,1
696,33.0,Male,Urban,3.543236804047498,61.40215504351302,2.010451284287782,3.0,Yes,No,No,0
697,28.0,Female,Rural,4.20209107371715,83.98976805631796,2.628336811259807,2.0,No,No,No,0
698,20.0,Male,Urban,4.195659325231764,64.92289894419862,2.444745784872261,3.0,No,No,No,0
699,17.0,Female,Urban,3.793667486327834,75.48124058387447,2.0565360948296574,3.0,Yes,Yes,No,0
700,23.0,Female,Urban,3.6161351432110966,65.22995470800144,3.2906621691658016,3.0,No,Yes,Yes,0
701,30.0,Female,Urban,3.448264604634219,78.01670381574827,3.648660818512608,4.0,No,No,Yes,0
702,20.0,Male,Urban,3.930615078855425,82.17763992532491,2.160191320642653,2.0,Yes,Yes,No,0
703,25.0,Female,Urban,4.151775548286668,65.23120021792667,2.7660909492465944,4.0,No,No,No,1
704,18.0,Male,Urban,3.636362888888999,70.58890621888919,,3.0,No,No,No,1
705,24.0,Male,Urban,3.869998940054037,52.955677716045585,3.025756091016641,1.0,No,No,No,0
706,16.0,Male,Rural,3.4054120906282908,73.66479744354076,2.6504254326750276,2.0,No,Yes,No,0
707,34.0,Female,Urban,2.7530702524280537,80.27521521587097,3.8589578847330515,5.0,No,No,No,0
708,25.0,Female,Urban,2.9994273907721203,63.335139672549396,3.8880806576533855,1.0,No,No,No,0
709,31.0,Female,Urban,4.059459603239878,83.4443525669934,3.754065520891642,2.0,No,Yes,Yes,0
710,18.0,Male,Urban,3.8682018091444252,45.12027580956423,3.043419761591379,5.0,No,No,No,0
711,19.0,Male,Urban,4.554128203222844,47.783974649583826,,1.0,Yes,Yes,No,0
712,19.0,Female,Rural,3.633659057384429,53.341091310863916,4.602161957012417,2.0,No,No,No,1
713,26.0,Male,Rural,4.118864242726667,64.18246261587554,2.888021913703561,2.0,Yes,No,No,0
714,32.0,Male,Rural,4.393810158334223,70.22342257051292,3.113259835365775,5.0,No,No,Yes,0
715,27.0,Male,Urban,4.196670098858915,69.05362540835996,4.159948011175932,2.0,No,Yes,No,0
716,25.0,Male,Rural,3.2348718319781646,69.19489662565759,2.569522547204586,6.0,No,No,No,0
717,33.0,Male,Urban,3.4892605033442754,78.68291225310476,3.5277766198141367,2.0,No,No,No,1
718,19.0,Male,Urban,3.6778636438214134,64.33456187831706,3.2457128243844156,4.0,No,Yes,No,0
719,19.0,Female,Urban,3.008478785821826,54.8370933769679,2.6460168874044783,4.0,Yes,Yes,No,0
720,28.0,Female,Rural,,55.074554931893104,3.0232200952377033,3.0,No,No,No,0
721,32.0,Male,Rural,4.214393099785316,95.35198025246206,1.951011210239071,3.0,No,No,No,1
722,21.0,Female,Urban,3.3114870562770307,41.7746048127124,2.7737442083356054,3.0,Yes,No,Yes,0
723,20.0,Female,Urban,4.783532529961551,67.8840569094729,1.6117425417585585,2.0,No,Yes,No,1
724,,Male,Rural,3.425565630596758,87.49488313925679,5.0,6.0,Yes,No,Yes,0
725,30.0,Male,Rural,3.4782252145584174,75.80038747903494,4.412281712972347,3.0,No,No,Yes,0
726,21.0,Male,Urban,3.457032692881083,60.04532553334165,4.190427844693655,4.0,Yes,No,No,0
727,31.0,Male,Urban,3.175034368251989,70.02623173549493,3.4489100727061426,4.0,Yes,No,Yes,0
728,25.0,Female,Urban,3.850714895694426,-25.0,4.005929061251743,6.0,No,No,Yes,0
729,29.0,Male,Urban,3.612015528357376,84.4977854049163,4.224606322381233,2.0,No,No,No,0
730,27.0,Male,Urban,4.596823114013582,59.207905378257664,4.019364235277016,2.0,Yes,Yes,No,0
731,25.0,Female,Urban,3.964385957742887,79.1254980406382,3.9410417558489947,5.0,No,No,No,0
732,26.0,Female,Urban,3.9226136938183527,73.03000693423891,,3.0,No,Yes,No,0
733,34.0,Female,Urban,3.4670772923583257,83.25285776653408,3.548746177124356,4.0,No,No,No,0
734,23.0,Male,Urban,2.7514603713033727,86.68498471036048,2.777940547249666,4.0,No,Yes,No,0
735,33.0,Female,Urban,3.5462979607992295,65.88033445999562,2.2608840563414265,5.0,Yes,Yes,No,0
736,31.0,Female,Rural,3.089824835161692,52.60488755099614,2.2919631175223922,5.0,No,Yes,No,0
737,19.0,Male,Urban,4.171105960749114,74.75003822339576,3.5470495180801005,4.0,No,No,Yes,0
738,32.0,Male,Rural,3.58173426767316,91.31945724774755,4.047016887549033,1.0,No,Yes,No,0
739,23.0,Male,Rural,4.599445711840201,78.22698530596385,2.1101182385278765,5.0,No,Yes,Yes,0
740,19.0,Male,Urban,4.041186186514888,72.7619539652313,4.600543279231544,1.0,Yes,No,No,0
741,,Female,Urban,4.101321573388861,98.81254641296127,4.379298270580167,5.0,No,No,Yes,0
742,18.0,Female,Urban,3.7383942884665267,57.51968941745981,2.8992347538231242,1.0,No,Yes,No,0
743,22.0,Male,Urban,3.7252034006475903,80.83588225540075,,,Yes,Yes,No,0
744,18.0,Female,Urban,3.9919637203171856,63.154748069705924,3.144796686751612,4.0,Yes,Yes,No,1
745,26.0,Male,Rural,4.153601290148292,70.5956119960921,3.988044328808707,1.0,Yes,Yes,No,0
746,34.0,Male,Urban,3.173657842623686,71.07572328810379,2.8963414830135243,4.0,No,No,No,0
747,34.0,Male,Rural,3.8953684063851877,88.17563963452001,2.3174623108769934,4.0,Yes,No,Yes,0
748,33.0,Male,Rural,5.0,58.76783433486311,3.477083057706109,2.0,Yes,No,No,0
749,20.0,Female,Urban,3.5461859838627277,63.57894749053791,1.5497947489322295,5.0,No,No,No,0
750,20.0,Female,Urban,3.4466739506375315,50.884575730387546,3.314320301673257,4.0,Yes,No,No,0
751,28.0,Male,Urban,3.184518039958438,75.84638996459799,4.128640969434072,3.0,Yes,Yes,No,0
752,34.0,Female,Rural,2.73086146533408,64.50121828159118,3.445626964160953,6.0,Yes,Yes,No,0
753,31.0,Male,Urban,4.3133318562846865,75.06360451195454,3.8252131842994013,2.0,Yes,No,No,0
754,19.0,Female,Rural,3.6365792509815704,57.120810576168225,3.595738393902217,2.0,No,No,Yes,0
755,29.0,Male,Urban,3.779776560384949,65.68739655829869,3.7829084299279883,5.0,Yes,No,No,0
756,25.0,Female,Rural,4.706900561930628,82.4671486597962,3.3165607906611747,2.0,No,No,No,0
757,24.0,Female,Urban,5.0,67.9081694308351,2.5366974316117066,5.0,Yes,Yes,No,0
758,25.0,Male,Urban,3.06687244847987,77.50766951820562,3.020525254530928,2.0,Yes,No,No,0
759,26.0,Male,Urban,4.23273510656533,76.33991869174798,3.1413905435169243,5.0,Yes,Yes,No,0
760,33.0,Male,Urban,3.9743072612628003,65.7619277805538,4.207089059508505,3.0,No,No,No,0
761,31.0,Male,Rural,3.839755419188985,51.2830488015419,4.500914292321566,4.0,No,Yes,Yes,0
762,16.0,Female,Urban,3.887987236048681,81.8248005248097,3.5364895285833082,4.0,Yes,No,Yes,0
763,30.0,Female,Urban,3.5870772898102032,72.04848846778303,2.5977972904635913,3.0,Yes,No,No,0
764,21.0,Male,Urban,4.554769882288275,81.79936107765897,2.6162543174870327,3.0,Yes,Yes,Yes,0
765,22.0,Male,Rural,3.9699890266316666,45.847738776060545,3.04999679002237,4.0,No,Yes,No,0
766,27.0,Female,Urban,3.808217868167999,50.144688231079904,4.311037997463005,2.0,No,Yes,No,0
767,34.0,Male,Urban,4.349654523717157,44.28727020586282,3.4676589849895127,5.0,No,No,No,0
768,17.0,Female,Rural,4.139447418777063,59.47794806740765,3.1557335254962493,5.0,No,No,No,0
769,,Female,Urban,3.877675955794076,82.50339882404342,2.587990001848093,2.0,No,No,No,0
770,20.0,Male,Urban,3.7977330484120513,76.79190383191496,3.9059032080364573,2.0,No,No,No,1
771,33.0,Male,Rural,4.655072331344595,69.59015250357042,3.431497206121083,3.0,Yes,Yes,No,0
772,24.0,Male,Urban,3.907381550584759,71.57488354319803,3.159377766469045,4.0,No,No,No,0
773,32.0,Male,Urban,3.547786060593861,79.12945855157714,3.2827389732198045,,No,No,No,0
774,32.0,Female,Rural,3.0873908680841358,66.37419548510539,4.5492127920093175,3.0,No,Yes,No,0
775,,Male,Rural,3.395277597849618,74.75282740357675,3.0716978696601602,4.0,Yes,No,No,1
776,30.0,Female,Urban,2.9718595014353855,71.67945487159103,4.5507670434263305,2.0,Yes,No,No,0
777,31.0,Female,Urban,3.6662746854298085,43.75548830156916,4.193827997403574,4.0,No,No,No,0
778,31.0,Female,Urban,3.755902081362264,65.38205414284016,3.2418730054193787,4.0,No,No,No,0
779,34.0,Male,Rural,2.371251454833062,,3.907099064430575,2.0,No,Yes,No,1
780,30.0,Female,Urban,3.6126697920148914,65.24967269115326,3.1009768096974613,4.0,No,Yes,No,0
781,31.0,Female,Urban,3.991145692308182,68.2829276038198,2.5372988359321287,4.0,No,Yes,Yes,0
782,29.0,Female,Urban,3.701572667281586,62.71760615928085,,6.0,No,No,No,0
783,21.0,Female,Urban,3.028831387313641,64.18441413429753,2.4742112509703267,3.0,No,Yes,No,1
784,32.0,Female,Urban,4.362855185391615,83.48814627741453,3.609158978886729,3.0,No,Yes,No,0
785,29.0,Male,Rural,3.183757497691631,66.78296822934709,3.211782413640772,5.0,No,Yes,No,0
786,28.0,Male,Urban,2.864551050114135,57.736610986995984,3.654264108307187,2.0,Yes,Yes,No,0
787,34.0,Female,Rural,2.953095940639618,32.66363995815573,3.8613481029955623,5.0,No,No,No,1
788,29.0,Male,Urban,,63.12755858545336,,3.0,No,Yes,No,1
789,22.0,Male,Urban,4.191230931954466,46.398198307451096,3.4491988422767763,3.0,No,No,No,0
790,21.0,Female,Urban,4.300786570481375,48.11500607758889,1.758658189841945,6.0,No,Yes,No,1
791,,Male,Rural,3.727238978090461,79.54213691951864,3.3333049400949006,,No,No,No,0
792,19.0,Female,Urban,2.885158071147926,78.50410678888818,2.4980886028855203,2.0,No,Yes,No,1
793,17.0,Male,Urban,3.2071899267825796,46.99344803286125,3.2833902039478655,2.0,Yes,No,No,0
794,30.0,Male,Rural,3.0625368869887555,80.21775365609999,4.2923621823427505,4.0,No,No,No,0
795,30.0,Female,Urban,3.4940812962513013,75.51230170305637,1.833761045332814,4.0,No,Yes,No,1
796,19.0,Male,Urban,2.53657598757875,60.59717515480659,3.352525541967457,2.0,Yes,Yes,Yes,0
797,23.0,Male,Rural,3.66765004732339,78.81257101114164,,3.0,Yes,Yes,No,0
798,33.0,Male,Urban,3.9879266395721347,50.480288025022375,1.6862255930202275,3.0,No,No,Yes,0
799,31.0,Male,Rural,3.5113999873844337,55.546842965732836,3.718384942989344,5.0,Yes,No,No,0
800,27.0,Male,Urban,3.8768355758316426,52.72373633690151,3.2273772977470614,3.0,No,Yes,No,0
801,34.0,Female,Rural,3.037531699287569,56.66195531906058,2.7930092973188003,4.0,No,Yes,No,0
802,22.0,Male,Urban,2.7278043536607295,80.54426566609901,2.622575665694796,5.0,No,No,Yes,0
803,32.0,Female,Rural,3.218390231659637,53.99645042718875,5.0,2.0,No,Yes,No,1
804,,Male,Urban,4.294835191553475,56.18442237345479,2.88490531460319,6.0,Yes,No,Yes,0
805,27.0,Male,Urban,4.218542786213389,58.579621056375586,1.7597415891241521,3.0,No,Yes,No,0
806,18.0,Female,Urban,3.326422895688247,72.3455647411603,2.455281297704538,4.0,No,Yes,No,1
807,21.0,Female,Urban,4.322776246539529,65.92366875865713,2.9067091287055726,2.0,Yes,No,No,0
808,25.0,Male,Urban,3.405548825828284,80.34807358701138,2.8924821464366697,4.0,No,Yes,No,0
809,21.0,Male,Urban,4.507602532104367,61.46367418089268,3.13691753649118,4.0,No,No,No,0
810,17.0,Male,Rural,3.890015215294615,54.52686761012025,,4.0,Yes,No,No,0
811,19.0,Female,Urban,3.3292457783751885,63.9502818667844,3.633232504466596,5.0,No,No,No,0
812,34.0,Male,Urban,4.077565351493486,70.41826481691466,2.812979687269518,3.0,Yes,No,No,0
813,23.0,Female,Urban,3.135550387652473,58.790703436318424,2.111419839318816,1.0,No,Yes,Yes,1
814,26.0,Male,Urban,3.038850044748192,73.2878951002318,2.547531030668207,5.0,No,Yes,No,0
815,24.0,Male,Rural,2.7296666888823458,91.73618798654779,2.892266689271502,4.0,Yes,Yes,Yes,0
816,31.0,Male,Urban,3.755150825484899,62.94129296319487,3.878899062504422,,No,No,No,0
817,17.0,Female,Urban,3.568104572535792,70.435483942572,3.5876194455458883,4.0,No,Yes,No,1
818,21.0,Female,Urban,3.5537320435515767,86.11964489407733,2.9295868784782937,1.0,Yes,No,No,0
819,27.0,Male,Rural,3.354088721418376,62.10635250744642,3.215757563272282,3.0,Yes,No,Yes,1
820,31.0,Female,Urban,4.462730807449333,59.703297702627296,3.3721193917223715,1.0,No,No,No,0
821,24.0,Male,Urban,3.345836426744037,56.73313862537823,4.830980261473966,4.0,No,No,No,0
822,29.0,Female,Urban,3.165952535527547,74.62341000731212,2.705900901383468,5.0,No,No,No,0
823,31.0,Female,Urban,4.347667387641287,76.00972125543866,3.5736551831919914,4.0,Yes,No,No,0
824,28.0,Male,Urban,4.452770260181702,68.0418075970855,3.7810943407855526,5.0,No,Yes,Yes,0
825,31.0,Male,Rural,3.803315269908019,70.31901352617072,2.4375564928705096,3.0,Yes,Yes,No,0
826,,Male,Urban,2.5559833199167263,85.08517687536276,3.351378075642058,1.0,No,No,Yes,1
827,20.0,Male,Urban,3.240173405850674,80.19578520923494,3.330746397004594,3.0,Yes,No,No,1
828,24.0,Female,Urban,3.967741889531433,52.95721895555012,2.824157598314028,2.0,Yes,Yes,No,0
829,20.0,Male,Rural,3.610634105522861,69.64604065682708,3.654065998729215,3.0,Yes,Yes,No,0
830,23.0,Female,Urban,4.532445346873333,71.01004138394073,4.022794049564741,2.0,No,Yes,No,0
831,16.0,Male,Urban,2.7798512824253443,78.37543780789369,4.104182517500963,2.0,Yes,Yes,No,0
832,29.0,Female,Rural,4.007028585196658,67.04248570461094,3.04654859517277,4.0,Yes,No,No,0
833,20.0,Female,Rural,3.2237800441944686,61.96719273718916,3.351901702086959,4.0,No,Yes,No,1
834,31.0,Male,Rural,4.393824850962629,64.20377038826854,5.0,5.0,No,No,Yes,0
835,,Male,Rural,3.5549298223531514,48.35382275257811,2.317089434501276,6.0,Yes,No,Yes,0
836,22.0,Male,Urban,4.218387479836353,69.37415174951236,3.3774956480544076,2.0,No,No,No,0
837,24.0,Male,Urban,3.2114825483498137,62.51167915029067,3.911979174975818,5.0,No,No,No,0
838,28.0,Male,Urban,2.7543007130766286,75.26000645157181,,4.0,No,Yes,Yes,0
839,23.0,Female,Urban,2.9337701484211895,57.33698302001779,3.7247765556320758,4.0,Yes,Yes,No,1
840,19.0,Male,Urban,3.2359805747365646,64.410247376092,3.3381475119295185,6.0,Yes,Yes,No,0
841,16.0,Female,Urban,2.985111815978345,57.88913064295639,3.8029251088173592,3.0,No,Yes,No,0
842,26.0,Male,Urban,4.320276800971308,56.82974708604881,4.226050473383882,1.0,No,No,No,0
843,26.0,Female,Urban,4.403346273721074,78.00776092187682,3.0228725439196844,2.0,Yes,Yes,No,0
844,30.0,Male,Urban,3.763827887553656,64.02146532125597,3.358005337580963,3.0,No,No,No,0
845,18.0,Female,Urban,2.9794829489014636,74.9218623010328,3.1558215210398632,4.0,No,Yes,No,0
846,17.0,Male,Rural,3.528977548102036,56.151713561901445,2.877097567561443,4.0,Yes,No,No,1
847,29.0,Female,Rural,3.1884147533953078,70.73814918236468,3.1842934044658726,4.0,No,No,,1
848,29.0,Female,Urban,4.47244467709455,49.2960215947796,2.294683100770043,1.0,No,No,No,0
849,31.0,Female,Rural,3.789566108824916,63.815963519212254,3.7956147284779003,2.0,No,Yes,No,1
850,16.0,Male,Urban,3.893661924083811,63.51403056874739,4.561959764757045,3.0,No,Yes,,0
851,28.0,Male,Rural,3.3601901287661105,76.52736869359234,4.563609114385235,4.0,Yes,,No,0
852,34.0,Female,Rural,2.3932070367490152,71.68684954817697,4.220683289744155,3.0,No,Yes,No,1
853,,Female,Urban,3.137319390140077,67.4197405455798,,2.0,Yes,No,No,1
854,24.0,Male,Urban,2.930020692723489,79.56172736975793,4.41581660353481,3.0,Yes,No,No,0
855,25.0,Female,Urban,3.8221528820808452,71.79980369516538,2.6276715153699075,4.0,No,Yes,Yes,0
856,23.0,Male,Urban,3.6579241654692276,75.95100784876169,3.1575523742861464,4.0,Yes,No,No,0
857,17.0,Female,Urban,3.119023621135458,78.68837895956673,4.676936691575113,2.0,Yes,No,No,0
858,29.0,Female,Rural,3.366834661493812,,,6.0,No,Yes,No,0
859,26.0,Male,Urban,4.539886051313397,65.96439542761561,3.873041075839764,1.0,No,Yes,No,0
860,25.0,Female,Urban,3.0243941643829086,73.40311904141483,3.4250158206192913,2.0,Yes,No,No,0
861,-3.0,Female,Rural,,64.47742871976973,3.0783257409764113,3.0,No,Yes,No,0
862,29.0,Female,Urban,3.462994628467733,74.12059445061561,2.4991672387732464,5.0,Yes,No,No,0
863,60.0,Male,Urban,3.1805178425226357,82.7529700757262,3.538002938433121,4.0,No,No,No,0
864,17.0,Male,Rural,3.342751586150487,79.70941620083782,2.8289663068261737,4.0,No,No,No,0
865,34.0,Female,Rural,3.91886922237849,64.89052323388428,4.036204722649222,6.0,No,No,No,0
866,26.0,Male,Urban,,54.05860713017684,4.179431653716345,3.0,Yes,Yes,No,0
867,23.0,Female,Urban,2.5323036556283665,68.78864746231805,2.0965543073640793,2.0,No,No,No,0
868,26.0,Male,Urban,3.589053389444327,67.94931982948047,,3.0,No,No,No,0
869,16.0,Female,Rural,3.6248631137792353,82.70528743515186,2.9447367367272657,4.0,No,Yes,Yes,0
870,33.0,Female,Rural,3.5496407354564985,64.86352482982257,,2.0,No,No,No,1
871,27.0,Male,Urban,3.48773342689558,66.94317958808892,2.305676993571084,1.0,No,No,No,0
872,16.0,Male,Urban,3.3957777264569247,78.25597874259503,3.270935370508228,4.0,No,No,No,1
873,33.0,Female,Urban,4.202515689851934,63.723848697942515,3.0335555794058653,6.0,No,No,No,0
874,24.0,Female,Urban,3.3209174231865917,67.53345654378634,1.8785206994747492,5.0,Yes,No,Yes,0
875,18.0,Male,Urban,3.523610440605556,89.97295783808516,2.769499726617273,3.0,No,Yes,No,0
876,27.0,Male,Urban,3.5999318004413223,87.28559240146262,3.6151238981317375,3.0,Yes,No,Yes,0
877,17.0,Male,Urban,3.6644973484331254,76.98008294198516,2.235000255408853,5.0,No,No,No,0
878,26.0,Male,Urban,3.497481733948247,72.65308397243771,2.4611187936340126,6.0,No,No,Yes,0
879,30.0,Male,Rural,4.199547549659632,57.82930839774379,4.470139408145958,3.0,No,No,No,0
880,17.0,Male,Rural,3.594792721783909,76.12346931439184,4.253773011424507,6.0,,No,Yes,0
881,31.0,Male,Urban,3.7044365311616216,70.12961279085664,1.9031740850695131,4.0,Yes,Yes,No,0
882,27.0,Female,Rural,3.569128107934599,130.0,2.119222126085573,2.0,Yes,Yes,Yes,0
883,80.0,Female,Urban,2.998185347137838,63.22409393665949,3.5018021428764086,3.0,No,No,No,0
884,20.0,Male,Urban,3.1020196583554984,69.28986276903919,2.2468002420091238,1.0,No,Yes,No,0
885,16.0,Male,Rural,2.9699957285648337,,2.997771914800858,3.0,Yes,Yes,No,1
886,19.0,Female,Rural,3.7155891479589935,73.21199855195442,2.8389731376543006,3.0,No,No,No,0
887,21.0,Female,Urban,3.1719039631002803,86.53509636551783,3.64812478139349,,No,Yes,No,0
888,32.0,Female,Rural,2.9631672658248744,73.76311789925755,1.1770149426537793,3.0,No,Yes,No,1
889,25.0,Male,Rural,3.742863538823702,49.57445099729108,1.4379960766409132,4.0,No,No,Yes,1
890,19.0,Female,Rural,3.9150190326164234,57.811053188496665,2.2190463200679513,4.0,No,No,No,1
891,,Male,Urban,2.5435144909995806,50.46209194888793,4.011102374706538,3.0,Yes,No,Yes,0
892,24.0,Female,Urban,4.613803695081085,59.9286558580786,3.0765345361577534,4.0,No,Yes,No,0
893,31.0,Male,Urban,3.6193686805150094,76.12385814688733,1.833423843014896,3.0,No,No,Yes,0
894,30.0,Male,Urban,3.5368995910091607,-10.0,3.5943915215786344,4.0,Yes,Yes,No,0
895,33.0,Female,Urban,4.240065114974737,62.253788043891845,3.766144012637102,3.0,No,Yes,No,0
896,29.0,Female,Urban,3.6418874322789843,72.61885979271082,3.003309933855234,5.0,No,Yes,No,0
897,18.0,Female,Urban,3.237684624103509,60.36174171859,2.9355586054136458,2.0,No,No,No,0
898,26.0,Male,Rural,4.9167446174555245,52.41400543747231,3.550109650695858,5.0,No,Yes,Yes,0
899,24.0,Female,Urban,2.955362523762141,52.585406688602276,4.167573948790988,4.0,Yes,No,Yes,0
900,31.0,Female,Rural,3.5414274755656754,59.137058464595135,3.3219486742452142,1.0,No,No,Yes,0
901,18.0,Female,Urban,4.108316853170997,86.43539090209187,3.6264773500027196,4.0,No,No,No,0
902,24.0,Female,Urban,2.958212711374138,53.3641298170787,,3.0,Yes,Yes,Yes,0
903,31.0,Male,Urban,,84.30860634706332,2.8949716316236254,3.0,No,Yes,No,0
904,27.0,Male,Rural,3.8319389458014568,85.31854516053058,2.4672572476640866,3.0,Yes,Yes,No,0
905,16.0,Male,Urban,5.0,67.23433579696903,3.4050431838722734,4.0,No,No,No,0
906,31.0,Male,Urban,3.064321691662646,68.82459759007224,2.959843179189744,3.0,No,Yes,Yes,1
907,22.0,Male,Urban,3.5714030230008227,62.06776770571513,3.005091587989665,4.0,No,No,No,1
908,28.0,Female,Rural,3.9952242783818432,69.11093107809772,3.943773705943502,2.0,No,No,No,0
909,28.0,Male,Rural,3.6486272126459722,77.28693485535827,3.590400945631089,1.0,No,Yes,No,1
910,28.0,Male,Rural,2.8782916279996598,69.5094905195478,3.8960790607164197,4.0,No,Yes,No,1
911,23.0,Male,Urban,3.8448773812293706,81.3383684465997,1.9394803608596696,6.0,Yes,Yes,No,0
912,23.0,Male,Urban,3.6645299672710285,83.6048001341591,3.646705143071206,1.0,Yes,No,No,0
913,17.0,Male,Rural,3.8673787239275916,73.50599016501961,2.728106015222741,5.0,No,No,Yes,0
914,26.0,Female,Rural,4.278879673061838,73.30849602002839,2.553404806448377,3.0,No,Yes,No,0
915,21.0,Male,Rural,4.207917823598615,68.65211532943903,,4.0,Yes,No,No,1
916,23.0,Male,Urban,3.844657425708798,73.53407016668736,4.169116818381681,2.0,No,Yes,No,0
917,19.0,Female,Urban,3.7863517089445633,56.040305734377085,3.8622911102681217,4.0,No,No,No,0
918,30.0,Female,Urban,2.940916970764599,74.23975852059313,2.6264801281701593,3.0,Yes,Yes,Yes,0
919,33.0,Female,Rural,3.5194111054953723,71.8406111819715,2.289941382081394,5.0,No,No,No,1
920,23.0,Male,Rural,3.732192958414123,59.05511407453817,3.2109837579498612,2.0,No,Yes,No,0
921,24.0,Female,Urban,3.359390849794125,95.15176469365521,2.8323425053624645,,No,No,No,0
922,24.0,Female,Rural,3.6585652340666566,57.739715869539445,4.527649617460518,4.0,No,Yes,Yes,0
923,17.0,Male,Urban,3.104808048807043,58.97220541181095,2.0309753056032287,2.0,Yes,,No,0
924,30.0,Male,Urban,4.520595839872941,72.7102717992937,1.7361166584094736,6.0,Yes,Yes,No,0
925,32.0,Male,Urban,4.891247524228552,46.17445327356747,2.9953957372930513,4.0,Yes,Yes,No,0
926,,Male,Urban,3.3662723027068027,59.89480804259696,3.2085899764184664,6.0,No,Yes,No,1
927,17.0,Female,Urban,3.84021510713935,51.112974890007834,3.306094241491114,2.0,No,No,No,0
928,22.0,Male,Urban,3.459504430591168,57.79540298850307,3.80273822391699,4.0,No,No,Yes,0
929,18.0,Female,Urban,4.3577166305643456,67.77880401968598,4.858668512493079,2.0,No,Yes,No,1
930,31.0,Female,Urban,3.860998134751293,73.1914073443127,2.926125840505109,1.0,No,No,No,0
931,31.0,Male,Urban,3.646400104743957,82.58432876120492,2.7645046415163015,3.0,No,Yes,No,0
932,23.0,Female,Rural,3.4658021980745914,79.01719905212435,1.7926096895645665,3.0,Yes,Yes,No,1
933,23.0,Male,Urban,3.675676408529061,83.54897227286563,,3.0,No,No,No,0
934,32.0,Male,Urban,2.9997776728770247,76.40726014629716,3.8827267887757073,3.0,Yes,No,No,0
935,17.0,Male,Urban,4.0053194948967965,63.74838328591368,2.991650016381652,2.0,No,No,Yes,0
936,30.0,Male,Urban,3.171603056029775,82.71534338155209,,4.0,No,No,No,1
937,34.0,Female,Urban,3.9209291275151754,63.50750190863927,3.224231917106347,2.0,Yes,Yes,Yes,1
938,,Female,Urban,3.677781082991001,61.99660532743193,,3.0,No,No,No,0
939,30.0,Male,Urban,4.256965875748659,87.67165609064898,3.4665068724269608,5.0,Yes,No,No,1
940,29.0,Female,Rural,3.5898043033860074,78.79148980714533,2.3542714725078326,4.0,Yes,No,No,0
941,33.0,Female,Rural,4.213842591699737,71.97709816187714,2.6905436336714805,4.0,No,No,No,0
942,16.0,Female,Urban,5.8,78.35976047464165,,5.0,No,No,No,1
943,,Male,Rural,3.9656668300071285,79.87539230533284,1.8103497689723596,5.0,No,No,No,0
944,23.0,Female,Urban,3.4655420859969635,53.01677074333368,3.413531928863662,2.0,No,Yes,No,0
945,32.0,Female,Urban,,68.21881961070888,3.895678379596584,6.0,Yes,No,No,0
946,32.0,Male,Urban,3.6430497183153214,55.212366033655144,4.7634094664626225,3.0,No,No,No,0
947,21.0,Female,Urban,4.161774673064873,70.80577352083306,3.155860950721387,3.0,No,Yes,Yes,0
948,27.0,Male,Urban,2.388232499037077,61.299244913215844,3.010512667917517,2.0,Yes,No,Yes,0
949,25.0,Male,Rural,3.7938490450675793,85.62262305617125,2.3127704360894086,3.0,Yes,No,Yes,0
950,26.0,Male,Rural,2.7033008155125735,75.55441934434508,,3.0,Yes,No,Yes,0
951,31.0,Female,Urban,4.324090100733057,59.60816824968052,3.5113413608902926,1.0,No,Yes,No,0
952,28.0,Female,Rural,2.416354083263454,69.11597046375641,2.72389544165522,4.0,No,No,Yes,0
953,30.0,Female,Urban,2.9977309296816532,54.815610173794795,3.750824702091804,3.0,No,No,No,0
954,28.0,Female,Urban,2.5956725011759803,69.82223606371717,3.6490791120697845,4.0,Yes,Yes,No,0
955,20.0,Female,Rural,4.583541659452717,75.89352070246643,1.7040385529679314,4.0,No,No,Yes,0
956,27.0,Female,Urban,2.826600886326644,72.48887904697729,3.794155110313388,4.0,Yes,No,No,0
957,23.0,Male,Rural,3.668348702444377,46.198716394882055,3.308887564831413,1.0,Yes,Yes,No,0
958,23.0,Male,Rural,3.278524407578582,65.3111489753328,2.886818910616933,4.0,No,Yes,No,0
959,18.0,Male,Rural,2.520142557397171,75.4286456265449,2.8663358041148825,3.0,No,Yes,Yes,0
960,19.0,Male,Urban,3.397627202989441,72.9958598394415,4.598721842273455,4.0,No,No,Yes,0
961,22.0,Female,Urban,3.9976411505157072,83.22461472434374,4.428770174123192,4.0,Yes,Yes,No,0
962,21.0,Male,Urban,3.489439008473508,53.912682653130375,4.660753543380626,3.0,Yes,Yes,No,0
963,28.0,Female,Rural,6.5,75.60271221432252,2.2810670129071844,4.0,No,No,No,1
964,21.0,Female,Rural,3.382845139948274,61.51721125286382,2.6764041808962458,2.0,No,No,No,0
965,20.0,Male,Urban,3.604115076448535,71.6602519168815,3.9243878761572564,5.0,Yes,No,No,0
966,24.0,Female,Rural,3.3691207475882274,74.1837104812699,2.233225975240088,6.0,Yes,No,No,0
967,26.0,Female,Urban,3.8061409850600114,77.55580180164363,2.6238377339652623,5.0,No,No,No,0
968,34.0,Female,Urban,4.739347079971147,62.39875546917226,1.7565942767254135,5.0,Yes,No,No,0
969,25.0,Male,Rural,3.817344353830604,71.53423544082109,4.682473472636195,3.0,No,Yes,No,0
970,22.0,Female,Urban,3.716664758448101,55.30467430599521,4.0501482026291535,5.0,No,No,Yes,0
971,22.0,Female,Urban,3.2289512037388546,52.396219648013485,3.566810525903494,4.0,No,Yes,No,0
972,24.0,Male,Urban,3.1467117716612054,75.97421062466017,3.3753771630806386,2.0,Yes,Yes,No,0
973,33.0,Female,Rural,4.478441580957884,68.66077788165194,2.866294913780776,3.0,Yes,No,No,0
974,23.0,Male,Urban,2.9326569287224973,49.8951832536642,2.881697961446543,5.0,Yes,Yes,No,0
975,20.0,Male,Urban,3.052114891648441,,3.692548959908989,4.0,No,No,No,0
976,27.0,Male,Urban,3.5415293049929883,69.53729337313969,2.6305774273206777,5.0,Yes,No,Yes,0
977,30.0,Female,Urban,3.3442137406824792,87.9617985489002,4.181916125036147,1.0,No,Yes,No,0
978,34.0,Male,Urban,4.773713431490843,81.84004976093648,2.8059367235138057,6.0,Yes,No,No,0
979,21.0,Male,Rural,2.1802608439564493,78.88027614118714,2.501212406394763,5.0,No,No,No,0
980,32.0,Male,Urban,3.816817275676615,47.89043991267913,4.238409636958961,3.0,No,No,No,0
981,32.0,Female,Rural,4.027626271861799,68.13761931172952,3.084817066397,5.0,No,No,No,0
982,23.0,Male,Urban,2.9277038506130233,75.02648629776127,3.6439000211931796,2.0,No,No,No,0
983,22.0,Female,Urban,3.2132537237561407,74.02667670772733,2.8680499923193934,3.0,No,No,No,1
984,,Female,Rural,3.8595659790016366,74.29210295938913,1.3999178727925763,2.0,No,No,Yes,0
985,22.0,Female,Rural,4.577707860031788,66.50439767279533,3.63776220283824,4.0,Yes,No,No,0
986,32.0,Female,Urban,3.0476919763293,90.38717386303202,2.12265329997399,5.0,No,No,No,0
987,21.0,Male,Rural,2.652466643886198,87.01011595859046,,5.0,No,Yes,No,0
988,25.0,Male,Urban,4.1834817479406015,68.17560577939061,1.9593456457947669,1.0,No,Yes,No,1
989,33.0,Male,Urban,4.514245955200302,57.547403949585075,1.7081059637995883,4.0,No,Yes,No,1
990,29.0,Male,Urban,3.3989810451867335,93.93533373025427,3.446111172359396,3.0,No,Yes,No,0
991,18.0,Female,Urban,2.2717279349470587,62.67074709324169,3.5402163832785156,2.0,No,Yes,No,1
992,17.0,Female,Urban,4.471118681481957,83.65543749113198,,5.0,No,No,No,0
993,20.0,Female,Urban,3.4808817665874296,92.20272218150222,2.22913675893152,3.0,No,Yes,No,0
994,32.0,Female,Urban,4.274338966305646,57.981844761062376,3.910825599326291,1.0,Yes,No,Yes,0
995,20.0,Female,Urban,3.573910879667029,72.78411613253554,2.02824923431658,3.0,Yes,,Yes,0
996,21.0,Male,Urban,3.3746120722615673,65.12863546264003,2.8285897134897313,4.0,No,No,No,0
997,26.0,Female,Urban,3.32885238774615,75.47518235993685,2.5694978172444563,5.0,No,Yes,No,0
998,25.0,Female,Urban,4.4840670107590075,73.14198879376252,,2.0,No,Yes,No,0
999,17.0,Female,Urban,4.460670766799133,92.63868616536863,3.882224273272964,4.0,No,Yes,No,1
1000,19.0,Male,Rural,2.3172902287326487,76.3782276333713,2.6927385622514812,1.0,No,Yes,No,1
